"","Liczba.Glosow","Klub","Wyksztalcenie","Zawod","ImieNazwisko","OkregWyborczy","DataUrodzenia","MiejsceUrodzenia","Wiek","Plec"
"1",10500,"Prawo i Sprawiedliwoœæ","wy¿sze","pose³ na Sejm","Adam Abramowicz","7  Che³m",1961-03-10,"Bia³a Podlaska",58,"M"
"2",18514,"Prawo i Sprawiedliwoœæ","wy¿sze","parlamentarzysta","Andrzej Adamczyk","13  Kraków",1959-01-04,"Krzeszowice",60,"M"
"3",7275,"Platforma Obywatelska - Koalicja Obywatelska","wy¿sze","agroprzedsiêbiorca","Zbigniew Ajchler","38  Pi³a",1955-11-21,"Szamotu³y",64,"M"
"4",15668,"Pose³ niezrzeszony","wy¿sze","specjalista ds. medialnych","Adam Andruszkiewicz","24  Bia³ystok",1990-06-30,"Grajewo",29,"M"
"5",12021,"Prawo i Sprawiedliwoœæ","wy¿sze","pose³ na Sejm RP","Waldemar Andzel","32  Sosnowiec",1971-09-17,"CzeladŸ",48,"M"
"6",7935,"Kukiz'15","œrednie ogólne","dziennikarz","Piotr Apel","9  £ódŸ",1984-02-08,"Warszawa",35,"M"
"7",25054,"Prawo i Sprawiedliwoœæ","wy¿sze","ekonomista","Dorota Arciszewska-Mielewczyk","26  Gdynia",1968-02-16,"Gdynia",51,"K"
"8",18366,"Prawo i Sprawiedliwoœæ","wy¿sze","in¿ynier rolnictwa","Jan Krzysztof Ardanowski","5  Toruñ",1961-02-11,"Czernikowo",58,"M"
"9",26377,"Prawo i Sprawiedliwoœæ","wy¿sze","politolog","Iwona Arent","35  Olsztyn",1968-06-04,"Olsztyn",51,"K"
"10",20678,"Platforma Obywatelska - Koalicja Obywatelska","wy¿sze","lekarz","Bartosz Ar³ukowicz","41  Szczecin",1971-12-30,"Resko",47,"M"
"11",17925,"Platforma Obywatelska - Koalicja Obywatelska","wy¿sze","in¿ynier budownictwa","Pawe³ Arndt","37  Konin",1954-01-21,"Gniezno",65,"M"
"12",17530,"Prawo i Sprawiedliwoœæ","wy¿sze","radca prawny","Marek Ast","8  Zielona Góra",1958-09-27,"Zielona Góra",61,"M"
"13",13928,"Platforma Obywatelska - Koalicja Obywatelska","wy¿sze","dziennikarka","Urszula Augustyn","15  Tarnów",1964-09-01,"Tarnów",55,"K"
"14",9989,"Platforma Obywatelska - Koalicja Obywatelska","wy¿sze","ekonomista, prawnik","Joanna Augustynowska","3  Wroc³aw",1979-06-14,"G³ogów",40,"K"
"15",6625,"Platforma Obywatelska - Koalicja Obywatelska","wy¿sze","ekonomista","Tadeusz Aziewicz","26  Gdynia",1960-10-31,"Sopot",59,"M"
"16",11695,"Prawo i Sprawiedliwoœæ","wy¿sze","pose³ na Sejm","Zbigniew Babalski","34  Elbl¹g",1953-04-27,"Ostróda",66,"M"
"17",12950,"Pose³ niezrzeszony","wy¿sze","parlamentarzysta","Piotr £ukasz Babiarz","3  Wroc³aw",1975-02-03,"Wroc³aw",44,"M"
"18",10170,"Prawo i Sprawiedliwoœæ","wy¿sze","historyk","Piotr Babinetz","22  Krosno",1969-09-09,"Krosno",50,"M"
"19",9406,"Kukiz'15","œrednie policealne/pomaturalne","przedsiêbiorca","Wojciech Bakun","22  Krosno",1981-01-29,"Przemyœl",38,"M"
"20",6707,"Platforma Obywatelska - Koalicja Obywatelska","wy¿sze","ekonomista","Pawe³ Bañkowski","32  Sosnowiec",1969-09-01,"Jaworzno",50,"M"
"21",8163,"Prawo i Sprawiedliwoœæ","wy¿sze","samorz¹dowiec","Ryszard Bartosik","37  Konin",1968-01-11,"Turek",51,"M"
"22",20725,"Prawo i Sprawiedliwoœæ","wy¿sze","prawnik","Barbara Bartuœ","14  Nowy S¹cz",1967-07-03,"Gorlice",52,"K"
"23",7010,"Prawo i Sprawiedliwoœæ","wy¿sze","nauczyciel","Mieczys³aw Kazimierz Baszko","24  Bia³ystok",1961-06-26,"Boratyñszczyzna",58,"M"
"24",17961,"Prawo i Sprawiedliwoœæ","wy¿sze","leœnik","Dariusz B¹k","17  Radom",1958-01-04,"Mogielnica",61,"M"
"25",6283,"Polskie Stronnictwo Ludowe - Koalicja Polska","wy¿sze","pracownik administracji samorz¹dowej","Pawe³ Bejda","11  Sieradz",1962-10-13,"£owicz",57,"M"
"26",27673,"Prawo i Sprawiedliwoœæ","wy¿sze","nauczyciel akademicki","W³odzimierz Bernacki","15  Tarnów",1960-02-17,"Proszowice",59,"M"
"27",7466,"Platforma Obywatelska - Koalicja Obywatelska","wy¿sze","nauczyciel","Anna Bia³kowska","17  Radom",1971-09-03,"Radom",48,"K"
"28",8510,"Prawo i Sprawiedliwoœæ","wy¿sze","in¿ynier elektryk","Jerzy Bielecki","6  Lublin",1969-11-19,"Janów Lubelski",50,"M"
"29",42586,"Polskie Stronnictwo Ludowe - Koalicja Polska","wy¿sze","prawnik","Marek Biernacki","26  Gdynia",1959-04-28,"Sopot",60,"M"
"30",3644,"Prawo i Sprawiedliwoœæ","wy¿sze","burmistrz","Zbigniew Biernat","12  Kraków",1963-11-13,"Zator",56,"M"
"31",73139,"Prawo i Sprawiedliwoœæ","wy¿sze","urzêdnik pañstwowy","Mariusz B³aszczak","20  Warszawa",1969-09-19,"Legionowo",50,"M"
"32",9437,"Pose³ niezrzeszony","wy¿sze","architekt","Magdalena B³eñska","25  Gdañsk",1983-03-22,"Gdynia",36,"K"
"33",9707,"Prawo i Sprawiedliwoœæ","wy¿sze","pose³ na Sejm RP","Jacek Bogucki","24  Bia³ystok",1959-02-13,"Wysokie Mazowieckie",60,"M"
"34",16931,"Platforma Obywatelska - Koalicja Obywatelska","œrednie zawodowe","mechanik budowy okrêtów i statków","Jerzy Borowczak","25  Gdañsk",1957-11-15,"Bia³ogard",62,"M"
"35",8292,"Prawo i Sprawiedliwoœæ","wy¿sze","nauczyciel akademicki","Joanna Borowiak","5  Toruñ",1967-08-20,"W³oc³awek",52,"K"
"36",17183,"Prawo i Sprawiedliwoœæ","wy¿sze","prawnik, ekonomista","Agata Borowiec","7  Che³m",1987-06-13,"Bi³goraj",32,"K"
"37",8115,"Ko³o Poselskie Unia Polityki Realnej","wy¿sze","politolog","El¿bieta Zieliñska","14  Nowy S¹cz",1988-10-13,"Gorlice",31,"K"
"38",7912,"Prawo i Sprawiedliwoœæ","wy¿sze","prawnik","Bo¿ena Borys-Szopa","31  Katowice",1954-03-11,"Lêdziny",65,"K"
"39",15951,"Platforma Obywatelska - Koalicja Obywatelska","wy¿sze","prawnik","Krzysztof Brejza","4  Bydgoszcz",1983-05-16,"Bydgoszcz",36,"M"
"40",46918,"Prawo i Sprawiedliwoœæ","wy¿sze","parlamentarzysta","Joachim Brudziñski","41  Szczecin",1968-02-04,"Œwierklaniec",51,"M"
"41",8615,"Kukiz'15","wy¿sze","historyk - nauczyciel akademicki","Józef Brynkus","12  Kraków",1962-04-05,"Nowy Targ",57,"M"
"42",9813,"Prawo i Sprawiedliwoœæ","wy¿sze","filolog jêzyka polskiego","Barbara Bubula","13  Kraków",1963-03-04,"Kraków",56,"K"
"43",18202,"Prawo i Sprawiedliwoœæ","wy¿sze","in¿ynier mechanik","Wojciech Buczak","23  Rzeszów",1955-02-06,"Rzeszów",64,"M"
"44",15028,"Prawo i Sprawiedliwoœæ","wy¿sze","prawnik","Waldemar Buda","9  £ódŸ",1982-09-21,"Turek",37,"M"
"45",37761,"Platforma Obywatelska - Koalicja Obywatelska","wy¿sze","nauczyciel akademicki","Borys Budka","29  Gliwice",1978-03-11,"CzeladŸ",41,"M"
"46",25715,"Platforma Obywatelska - Koalicja Obywatelska","wy¿sze","parlamentarzysta","Bo¿enna Bukiewicz","8  Zielona Góra",1952-02-14,"¯ary",67,"K"
"47",9760,"Prawo i Sprawiedliwoœæ","wy¿sze","nauczyciel","Lidia Burzyñska","28  Czêstochowa",1964-08-27,"Rzeki Wielkie",55,"K"
"48",13346,"Platforma Obywatelska - Koalicja Obywatelska","wy¿sze","architekt","Ma³gorzata Chmiel","25  Gdañsk",1953-05-01,"Gdañsk",66,"K"
"49",18197,"Prawo i Sprawiedliwoœæ","wy¿sze","in¿ynier in¿ynierii œrodowiska","Zbigniew Chmielowiec","23  Rzeszów",1954-09-22,"Kolbuszowa",65,"M"
"50",8550,"Kukiz'15","wy¿sze","urzêdnik","Barbara Chrobak","32  Sosnowiec",1965-09-10,"Braniewo",54,"K"
"51",11052,"Prawo i Sprawiedliwoœæ","wy¿sze","architekt","Sylwester Chruszcz","41  Szczecin",1972-08-22,"G³ogów",47,"M"
"52",62211,"Platforma Obywatelska - Koalicja Obywatelska","wy¿sze","lekarz","Alicja Chybicka","3  Wroc³aw",1951-05-10,"Wa³brzych",68,"K"
"53",17864,"Platforma Obywatelska - Koalicja Obywatelska","wy¿sze","wyk³adowca akademicki","Janusz Cichoñ","35  Olsztyn",1957-01-07,"Bytom",62,"M"
"54",6331,"Prawo i Sprawiedliwoœæ","wy¿sze","mgr in¿ynier agroekonomii","Micha³ Cieœlak","33  Kielce",1974-12-09,"D¹browa Tarnowska",45,"M"
"55",7774,"Platforma Obywatelska - Koalicja Obywatelska","wy¿sze","ekonomista","Piotr Cieœliñski","34  Elbl¹g",1978-08-08,"Olsztyn",41,"M"
"56",14496,"Platforma Obywatelska - Koalicja Obywatelska","œrednie ogólne","przedsiêbiorca","Tomasz Cimoszewicz","24  Bia³ystok",1979-10-16,"Warszawa",40,"M"
"57",13126,"Prawo i Sprawiedliwoœæ","wy¿sze","ekonomista","Tadeusz Cymañski","25  Gdañsk",1955-06-06,"Nowy Staw",64,"M"
"58",12120,"Platforma Obywatelska - Koalicja Obywatelska","wy¿sze","in¿ynier mechanik","Adam Cyrañski","33  Kielce",1960-03-29,"Kielce",59,"M"
"59",16546,"Prawo i Sprawiedliwoœæ","wy¿sze","dziennikarz","Krzysztof Czabañski","5  Toruñ",1948-10-04,"Warszawa",71,"M"
"60",9200,"Prawo i Sprawiedliwoœæ","œrednie ogólne","parlamentarzysta","Przemys³aw Czarnecki","3  Wroc³aw",1983-09-12,"Wroc³aw",36,"M"
"61",26399,"Prawo i Sprawiedliwoœæ","wy¿sze","nauczyciel akademicki","Witold Czarnecki","37  Konin",1953-04-12,"Murowana Goœlina",66,"M"
"62",24747,"Prawo i Sprawiedliwoœæ","wy¿sze","nauczyciel","Arkadiusz Czartoryski","18  Siedlce",1966-04-14,"Ostro³êka",53,"M"
"63",11089,"Prawo i Sprawiedliwoœæ","wy¿sze","menad¿er ochrony zdrowia","Anna Czech","15  Tarnów",1953-05-31,"Tarnów",66,"K"
"64",10070,"Platforma Obywatelska - Koalicja Obywatelska","wy¿sze","ekonomista","Zofia Czernow","1  Legnica",1950-09-30,"Wola Obszañska",69,"K"
"65",7068,"Prawo i Sprawiedliwoœæ","wy¿sze","prawnik","Anita Czerwiñska","20  Warszawa",1970-01-13,"Warszawa",49,"K"
"66",17487,"Platforma Obywatelska - Koalicja Obywatelska","wy¿sze","in¿ynier elektryk","Andrzej Czerwiñski","14  Nowy S¹cz",1954-11-08,"Nowy S¹cz",65,"M"
"67",13531,"Kukiz'15","wy¿sze","adwokat","Grzegorz D³ugi","31  Katowice",1955-06-16,"Katowice",64,"M"
"68",8738,"Prawo i Sprawiedliwoœæ","wy¿sze","parlamentarzysta","Leszek Dobrzyñski","41  Szczecin",1967-06-05,"Szczecin",52,"M"
"69",18060,"Prawo i Sprawiedliwoœæ","wy¿sze","nauczyciel","Zbigniew Dolata","37  Konin",1965-12-01,"KoŸmin",54,"M"
"70",15752,"Platforma Obywatelska - Koalicja Obywatelska","wy¿sze","prawnik-sêdzia","Barbara Dolniak","32  Sosnowiec",1960-09-12,"Bytom",59,"K"
"71",16312,"Platforma Obywatelska - Koalicja Obywatelska","wy¿sze","nauczyciel","Ewa Drozd","1  Legnica",1963-10-08,"St¹porków",56,"K"
"72",8085,"Prawo i Sprawiedliwoœæ","wy¿sze","in¿ynier elektryk","Antoni Duda","21  Opole",1950-12-25,"Stary S¹cz",68,"M"
"73",6555,"Prawo i Sprawiedliwoœæ","œrednie policealne/pomaturalne","pracownik do spraw ubezpieczeñ","El¿bieta Duda","13  Kraków",1962-11-20,"Ska³a",57,"K"
"74",9110,"Prawo i Sprawiedliwoœæ","œrednie policealne/pomaturalne","rolnik-przedsiêbiorca","Jan Duda","14  Nowy S¹cz",1960-05-17,"Nowy S¹cz",59,"M"
"75",8082,"Platforma Obywatelska - Koalicja Obywatelska","wy¿sze","geodeta","Artur Dunin","11  Sieradz",1969-03-10,"Lublin",50,"M"
"76",12783,"Prawo i Sprawiedliwoœæ","wy¿sze","nauczyciel","Marcin Duszek","7  Che³m",1982-02-10,"£osice",37,"M"
"77",24935,"Prawo i Sprawiedliwoœæ","wy¿sze","historyk","Micha³ Dworczyk","2  Wa³brzych",1975-07-22,"Warszawa",44,"M"
"78",26665,"Prawo i Sprawiedliwoœæ","wy¿sze","politolog","Jan Dziedziczak","36  Kalisz",1981-08-03,"Warszawa",38,"M"
"79",27991,"Platforma Obywatelska - Koalicja Obywatelska","wy¿sze","pose³","Waldy Dzikowski","39  Poznañ",1959-07-23,"Wschowa",60,"M"
"80",32910,"Prawo i Sprawiedliwoœæ","wy¿sze","in¿ynier","Tadeusz Dziuba","39  Poznañ",1948-12-17,"Poznañ",70,"M"
"81",12036,"Prawo i Sprawiedliwoœæ","wy¿sze","ekonomista","Barbara Dziuk","29  Gliwice",1968-12-02,"Tarnowskie Góry",51,"K"
"82",3512,"Platforma Obywatelska - Koalicja Obywatelska","wy¿sze","nauczyciel akademicki","Joanna Fabisiak","19  Warszawa",1950-07-07,"Warszawa",69,"K"
"83",9439,"Prawo i Sprawiedliwoœæ","wy¿sze","parlamentarzysta","Jacek Falfus","27  Bielsko-Bia³a",1951-02-01,"Siemianowice Œl¹skie",68,"M"
"84",3915,"Prawo i Sprawiedliwoœæ","wy¿sze","in¿ynier energetyk","Ewa Filipiak","12  Kraków",1957-03-29,"Kraków",62,"K"
"85",5761,"Platforma Obywatelska - Koalicja Obywatelska","wy¿sze","ekonomista","Joanna Frydrych","22  Krosno",1978-01-13,"Krosno",41,"K"
"86",14247,"Platforma Obywatelska - Koalicja Obywatelska","wy¿sze","menad¿er wydarzeñ kulturalnych","Grzegorz Furgo","26  Gdynia",1957-04-07,"Gdañsk",62,"M"
"87",11549,"Platforma Obywatelska - Koalicja Obywatelska","wy¿sze","in¿ynier transportu drogowego","Krzysztof Gadowski","30  Rybnik",1962-08-14,"Bochnia",57,"M"
"88",4820,"Platforma Obywatelska - Koalicja Obywatelska","wy¿sze","politolog, prawnik","Kinga Gajewska","20  Warszawa",1990-07-22,"Warszawa",29,"K"
"89",7708,"Prawo i Sprawiedliwoœæ","œrednie zawodowe","rolnik","Leszek Galemba","37  Konin",1966-03-07,"Ko³o",53,"M"
"90",9623,"Pose³ niezrzeszony","wy¿sze","in¿ynier mechanik","Ryszard Galla","21  Opole",1956-07-22,"Wroc³aw",63,"M"
"91",11733,"Platforma Obywatelska - Koalicja Obywatelska","wy¿sze","pedagog","El¿bieta Gapiñska","16  P³ock",1960-10-03,"P³ock",59,"K"
"92",19041,"Platforma Obywatelska - Koalicja Obywatelska","wy¿sze","prawnik","Kamila Gasiuk-Pihowicz","20  Warszawa",1983-05-08,"Warszawa",36,"K"
"93",8414,"Platforma Obywatelska - Koalicja Obywatelska","wy¿sze","nauczyciel akademicki","Zdzis³aw Gawlik","23  Rzeszów",1960-09-12,"Dêbica",59,"M"
"94",14264,"Platforma Obywatelska - Koalicja Obywatelska","wy¿sze","ekonomista","Stanis³aw Gaw³owski","40  Koszalin",1968-11-27,"Brzeg",51,"M"
"95",9202,"Prawo i Sprawiedliwoœæ","œrednie zawodowe","przedsiêbiorca","Andrzej Gawron","28  Czêstochowa",1965-01-06,"Kochcice",54,"M"
"96",9082,"Platforma Obywatelska - Koalicja Obywatelska","wy¿sze","lekarz","Lidia G¹dek","13  Kraków",1967-01-11,"Wolbrom",52,"K"
"97",13540,"Platforma Obywatelska - Koalicja Obywatelska","wy¿sze","menad¿er","El¿bieta Gelert","34  Elbl¹g",1955-04-22,"Gdañsk",64,"K"
"98",5087,"Platforma Obywatelska - Koalicja Obywatelska","wy¿sze","politolog","Artur Gierada","33  Kielce",1979-04-21,"Kielce",40,"M"
"99",24802,"Prawo i Sprawiedliwoœæ","wy¿sze","pose³ na Sejm RP","Szymon Gi¿yñski","28  Czêstochowa",1956-03-08,"Czêstochowa",63,"M"
"100",6354,"Prawo i Sprawiedliwoœæ","wy¿sze","nauczyciel jêzyka polskiego","Teresa Glenc","30  Rybnik",1958-05-27,"Gorzyczki",61,"K"
"101",41697,"Prawo i Sprawiedliwoœæ","wy¿sze","socjolog","Piotr Gliñski","9  £ódŸ",1954-04-20,"Warszawa",65,"M"
"102",11761,"Prawo i Sprawiedliwoœæ","wy¿sze","nauczyciel akademicki","Konrad G³êbocki","28  Czêstochowa",1972-05-13,"Czêstochowa",47,"M"
"103",8982,"Platforma Obywatelska - Koalicja Obywatelska","wy¿sze","nauczyciel akademicki","Tomasz G³ogowski","29  Gliwice",1974-12-30,"Tarnowskie Góry",44,"M"
"104",9924,"Prawo i Sprawiedliwoœæ","œrednie zawodowe","parlamentarzysta","Krzysztof G³uchowski","6  Lublin",1956-08-02,"£uków",63,"M"
"105",14323,"Platforma Obywatelska - Koalicja Obywatelska","wy¿sze","ekonomista","Marta Golbik","29  Gliwice",1985-04-14,"Gliwice",34,"K"
"106",7612,"Prawo i Sprawiedliwoœæ","wy¿sze","leœnik","Ma³gorzata Goliñska","40  Koszalin",1980-10-30,"Szczecinek",39,"K"
"107",19118,"Prawo i Sprawiedliwoœæ","wy¿sze","in¿ynier mechanizacji rolnictwa","Kazimierz Go³ojuch","23  Rzeszów",1964-02-05,"£añcut",55,"M"
"108",4884,"Prawo i Sprawiedliwoœæ","œrednie policealne/pomaturalne","informatyk","Jaros³aw Gonciarz","29  Gliwice",1970-04-28,"CzeladŸ",49,"M"
"109",13976,"Prawo i Sprawiedliwoœæ","œrednie ogólne","parlamentarzysta","Ma³gorzata Gosiewska","19  Warszawa",1966-07-22,"Gdañsk",53,"K"
"110",5092,"Prawo i Sprawiedliwoœæ","wy¿sze","in¿ynier leœnictwa","Jerzy Gosiewski","35  Olsztyn",1952-11-20,"Maków Mazowiecki",67,"M"
"111",43539,"Prawo i Sprawiedliwoœæ","wy¿sze","nauczyciel akademicki","Jaros³aw Gowin","13  Kraków",1961-12-04,"Kraków",58,"M"
"112",6262,"Prawo i Sprawiedliwoœæ","wy¿sze","politolog","Artur Górski","19  Warszawa",1970-01-30,"Warszawa",49,"M"
"113",26591,"Platforma Obywatelska - Koalicja Obywatelska","wy¿sze","adwokat","Cezary Grabarczyk","9  £ódŸ",1960-04-26,"£ódŸ",59,"M"
"114",10929,"Platforma Obywatelska - Koalicja Obywatelska","wy¿sze","urzêdnik pañstwowy","Jan Grabiec","20  Warszawa",1972-11-02,"Legionowo",47,"M"
"115",4508,"Kukiz'15","wy¿sze","radca prawny","Pawe³ Grabowski","21  Opole",1986-08-19,"Brzeg",33,"M"
"116",29122,"Platforma Obywatelska - Koalicja Obywatelska","wy¿sze","pose³","Rafa³ Grupiñski","39  Poznañ",1952-09-26,"Wronki",67,"M"
"117",1011,"Prawo i Sprawiedliwoœæ","wy¿sze","przedsiêbiorca","Zbigniew Gryglas","19  Warszawa",1965-06-01,"Jelonki",54,"M"
"118",6787,"Prawo i Sprawiedliwoœæ","œrednie zawodowe","pracownik samorz¹dowy","Kazimierz Gwiazdowski","24  Bia³ystok",1962-06-10,"Radzi³ów",57,"M"
"119",13859,"Platforma Obywatelska - Koalicja Obywatelska","wy¿sze","ekonomista","Andrzej Halicki","19  Warszawa",1961-11-26,"Warszawa",58,"M"
"120",6451,"Prawo i Sprawiedliwoœæ","œrednie ogólne","rolnik","Teresa Ha³as","7  Che³m",1953-04-13,"Krasnystaw",66,"K"
"121",12128,"Platforma Obywatelska - Koalicja Obywatelska","wy¿sze","prawnik","Agnieszka Hanajczyk","11  Sieradz",1963-01-12,"Zgierz",56,"K"
"122",8599,"Platforma Obywatelska - Koalicja Obywatelska","wy¿sze","parlamentarzysta","Bo¿ena Henczyca","36  Kalisz",1976-04-19,"Kluczbork",43,"K"
"123",7306,"Platforma Obywatelska - Koalicja Obywatelska","wy¿sze","ekonomista","Paulina Hennig-Kloska","37  Konin",1977-10-05,"Gniezno",42,"K"
"124",12899,"Platforma Obywatelska - Koalicja Obywatelska","wy¿sze","in¿ynier ochrony œrodowiska","Jolanta Hibner","18  Siedlce",1951-01-26,"Z¹bki",68,"K"
"125",25072,"Prawo i Sprawiedliwoœæ","wy¿sze","lekarz medycyny","Czes³aw Hoc","40  Koszalin",1954-02-22,"Jelenin",65,"M"
"126",17647,"Platforma Obywatelska - Koalicja Obywatelska","wy¿sze","lekarz","Marek Hok","40  Koszalin",1953-06-15,"Koszalin",66,"M"
"127",10546,"Prawo i Sprawiedliwoœæ","wy¿sze","prawnik","Marcin Hora³a","26  Gdynia",1981-10-02,"Gdañsk",38,"M"
"128",27010,"Prawo i Sprawiedliwoœæ","wy¿sze","nauczyciel akademicki","Józefa Hrynkiewicz","23  Rzeszów",1945-10-07,"Daniuszewo",74,"K"
"129",15206,"Polskiego Stronnictwa Ludowego - Unii Europejskich Demokratów","wy¿sze","parlamentarzysta","Stanis³aw Huskowski","1  Legnica",1953-04-24,"Wroc³aw",66,"M"
"130",6183,"Prawo i Sprawiedliwoœæ","wy¿sze","ekonomista","Micha³ Jach","41  Szczecin",1951-09-23,"£om¿a",68,"M"
"131",11654,"Ko³o Poselskie Przywróciæ Prawo","wy¿sze","in¿ynier metalurg","Jerzy Jachnik","27  Bielsko-Bia³a",1949-11-17,"Bielsko-Bia³a",70,"M"
"132",29923,"Prawo i Sprawiedliwoœæ","wy¿sze","politolog","Patryk Jaki","21  Opole",1985-05-11,"Opole",34,"M"
"133",11131,"Pose³ niezrzeszony","œrednie policealne/pomaturalne","przedsiêbiorca","Marek Jakubiak","16  P³ock",1959-04-30,"Warszawa",60,"M"
"134",16349,"Prawo i Sprawiedliwoœæ","wy¿sze","parlamentarzysta","Wies³aw Janczyk","14  Nowy S¹cz",1964-04-07,"Chomranice",55,"M"
"135",9355,"Prawo i Sprawiedliwoœæ","wy¿sze","nauczyciel wychowania fizycznego","Grzegorz Janik","30  Rybnik",1965-06-27,"Rybnik",54,"M"
"136",21700,"Platforma Obywatelska - Koalicja Obywatelska","wy¿sze","parlamentarzysta","Maria Ma³gorzata Janyska","38  Pi³a",1962-01-16,"Wyrzysk",57,"K"
"137",12235,"Platforma Obywatelska - Koalicja Obywatelska","wy¿sze","parlamentarzysta","Micha³ Jaros","3  Wroc³aw",1981-01-26,"Aleksandrów Kujawski",38,"M"
"138",4379,"Polskie Stronnictwo Ludowe - Koalicja Polska","wy¿sze","pracownik samorz¹dowy","Krystian Jarubas","33  Kielce",1981-06-03,"Busko-Zdrój",38,"M"
"139",31106,"Prawo i Sprawiedliwoœæ","wy¿sze","prawnik","Wojciech Jasiñski","16  P³ock",1948-04-01,"Gostynin",71,"M"
"140",10952,"Ko³o Poselskie Unia Polityki Realnej","wy¿sze","dyrektor generalny","Tomasz Jaskó³a","28  Czêstochowa",1974-07-31,"Czêstochowa",45,"M"
"141",25875,"Prawo i Sprawiedliwoœæ","wy¿sze","menad¿er","Andrzej Jaworski","25  Gdañsk",1970-12-16,"W³oc³awek",48,"M"
"142",13982,"Prawo i Sprawiedliwoœæ","wy¿sze","nauczyciel akademicki","Mariusz Orion Jêdrysek","3  Wroc³aw",1962-04-28,"G³ubczyce",57,"M"
"143",8747,"Ko³o Poselskie Unia Polityki Realnej","wy¿sze","nauczyciel akademicki","Bartosz Józwiak","37  Konin",1973-08-01,"Wrzeœnia",46,"M"
"144",44620,"Prawo i Sprawiedliwoœæ","wy¿sze","pose³ na Sejm RP","Krzysztof Jurgiel","24  Bia³ystok",1953-11-18,"Ogrodniki",66,"M"
"145",8926,"Prawo i Sprawiedliwoœæ","wy¿sze","rolnik","Norbert Kaczmarczyk","15  Tarnów",1989-11-16,"Proszowice",30,"M"
"146",202424,"Prawo i Sprawiedliwoœæ","wy¿sze","prawnik","Jaros³aw Kaczyñski","19  Warszawa",1949-06-18,"Warszawa",70,"M"
"147",6848,"Prawo i Sprawiedliwoœæ","wy¿sze","urzêdnik samorz¹dowy","Piotr Kaleta","36  Kalisz",1968-06-25,"Kalisz",51,"M"
"148",9826,"Platforma Obywatelska - Koalicja Obywatelska","wy¿sze","ekonomistka","Bo¿ena Kamiñska","24  Bia³ystok",1965-08-27,"Go³dap",54,"K"
"149",29654,"Prawo i Sprawiedliwoœæ","wy¿sze","historyk","Mariusz Kamiñski","19  Warszawa",1965-09-25,"Sochaczew",54,"M"
"150",5877,"Polskie Stronnictwo Ludowe - Koalicja Polska","wy¿sze","politolog","Micha³ Kamiñski","20  Warszawa",1972-03-28,"Warszawa",47,"M"
"151",10260,"Platforma Obywatelska - Koalicja Obywatelska","wy¿sze","in¿ynier chemik","W³odzimierz Karpiñski","6  Lublin",1961-11-16,"Pu³awy",58,"M"
"152",5251,"Polskie Stronnictwo Ludowe - Koalicja Polska","wy¿sze","parlamentarzysta","Mieczys³aw Kasprzak","22  Krosno",1953-03-30,"Jaros³aw",66,"M"
"153",29877,"Prawo i Sprawiedliwoœæ","wy¿sze","prawnik","Beata Kempa","3  Wroc³aw",1966-02-11,"Syców",53,"K"
"154",80866,"Platforma Obywatelska - Koalicja Obywatelska","wy¿sze","producent filmowy","Ma³gorzata Kidawa-B³oñska","20  Warszawa",1957-05-05,"Warszawa",62,"K"
"155",16271,"Platforma Obywatelska - Koalicja Obywatelska","wy¿sze","in¿ynier elektronik","Marcin Kierwiñski","16  P³ock",1976-08-22,"Warszawa",43,"M"
"156",6675,"Prawo i Sprawiedliwoœæ","wy¿sze","in¿ynier mechanik","Jan Kilian","25  Gdañsk",1953-12-27,"Stargard Gdañski",65,"M"
"157",7389,"Pose³ niezrzeszony","wy¿sze","in¿ynier chemik","Jan Klawiter","26  Gdynia",1950-11-10,"Rumia",69,"M"
"158",43648,"Prawo i Sprawiedliwoœæ","wy¿sze","senator RP","Izabela Kloc","30  Rybnik",1963-05-08,"Miko³ów",56,"K"
"159",12807,"Platforma Obywatelska - Koalicja Obywatelska","wy¿sze","dziennikarz","Joanna Kluzik-Rostkowska","19  Warszawa",1963-12-14,"Katowice",56,"K"
"160",9143,"Polskie Stronnictwo Ludowe - Koalicja Polska","wy¿sze","in¿ynier zootechniki","Eugeniusz K³opotek","4  Bydgoszcz",1953-11-15,"Chojnice",66,"M"
"161",17048,"Prawo i Sprawiedliwoœæ","wy¿sze","nauczyciel historii","S³awomir K³osowski","21  Opole",1964-02-21,"Wambierzyce",55,"M"
"162",5168,"Kukiz'15","zasadnicze zawodowe","przedsiêbiorca","Andrzej Kobylarz","34  Elbl¹g",1965-12-21,"Gdañsk",53,"M"
"163",13905,"Platforma Obywatelska - Koalicja Obywatelska","wy¿sze","mgr ekonomii","Pawe³ Kobyliñski","29  Gliwice",1982-06-03,"Bytom",37,"M"
"164",8972,"Platforma Obywatelska - Koalicja Obywatelska","wy¿sze","magister sztuki","Magdalena Kochan","41  Szczecin",1950-01-28,"Szczecin",69,"K"
"165",6421,"Platforma Obywatelska - Koalicja Obywatelska","wy¿sze","przedstawiciel w³adzy samorz¹dowej","Agnieszka Ko³acz-Leszczyñska","2  Wa³brzych",1972-10-19,"Wa³brzych",47,"K"
"166",15106,"Prawo i Sprawiedliwoœæ","wy¿sze","pose³ na Sejm RP","Lech Ko³akowski","24  Bia³ystok",1963-06-13,"Zambrów",56,"M"
"167",10960,"Prawo i Sprawiedliwoœæ","wy¿sze","historyk","Robert Ko³akowski","16  P³ock",1963-03-15,"Ciechanów",56,"M"
"168",10783,"Platforma Obywatelska - Koalicja Obywatelska","wy¿sze","historyk","Zbigniew Konwiñski","26  Gdynia",1974-03-24,"S³upsk",45,"M"
"169",230894,"Platforma Obywatelska - Koalicja Obywatelska","wy¿sze","lekarz medycyny","Ewa Kopacz","19  Warszawa",1956-12-03,"Skaryszew",63,"K"
"170",17911,"Prawo i Sprawiedliwoœæ","wy¿sze","lekarz","Joanna Kopciñska","9  £ódŸ",1967-01-02,"£ódŸ",52,"K"
"171",28727,"Platforma Obywatelska - Koalicja Obywatelska","wy¿sze","nauczyciel akademicki","Adam Korol","25  Gdañsk",1974-08-20,"Gdañsk",45,"M"
"172",20084,"Platforma Obywatelska - Koalicja Obywatelska","wy¿sze","parlamentarzysta","Leszek Korzeniowski","21  Opole",1955-01-01,"Warszawa",64,"M"
"173",3258,"Platforma Obywatelska - Koalicja Obywatelska","œrednie zawodowe","trener pi³karski","Roman Jacek Kosecki","19  Warszawa",1966-02-15,"Piaseczno",53,"M"
"174",12171,"Polskie Stronnictwo Ludowe - Koalicja Polska","wy¿sze","lekarz","W³adys³aw Kosiniak-Kamysz","15  Tarnów",1981-08-10,"Kraków",38,"M"
"175",8183,"Prawo i Sprawiedliwoœæ","wy¿sze","prawnik","Wojciech Kossakowski","35  Olsztyn",1977-04-23,"E³k",42,"M"
"176",11016,"Platforma Obywatelska - Koalicja Obywatelska","wy¿sze","wy¿szy urzêdnik samorz¹dowy","Tomasz Kostuœ","21  Opole",1974-03-07,"Kluczbork",45,"M"
"177",23521,"Prawo i Sprawiedliwoœæ","wy¿sze","ekonomista","Andrzej Kosztowniak","17  Radom",1976-03-31,"Radom",43,"M"
"178",6851,"Polskie Stronnictwo Ludowe - Koalicja Polska","wy¿sze","pracownik samorz¹dowy","Kazimierz Kotowski","33  Kielce",1951-02-22,"Opatów",68,"M"
"179",22850,"Prawo i Sprawiedliwoœæ","wy¿sze","parlamentarzysta","Henryk Kowalczyk","18  Siedlce",1956-07-15,"¯abianka",63,"M"
"180",9044,"Prawo i Sprawiedliwoœæ","wy¿sze","adwokat","Bartosz Kownacki","4  Bydgoszcz",1979-08-11,"Warszawa",40,"M"
"181",6851,"Prawo i Sprawiedliwoœæ","wy¿sze","ekonomista","Ewa Kozanecka","4  Bydgoszcz",1974-05-29,"Wrzeœnia",45,"K"
"182",10587,"Ko³o Poselskie Unia Polityki Realnej","œrednie policealne/pomaturalne","przedsiêbiorca","Jerzy Koz³owski","36  Kalisz",1962-02-12,"Kalisz",57,"M"
"183",20503,"Prawo i Sprawiedliwoœæ","wy¿sze","parlamentarzysta","Maks Kraczkowski","38  Pi³a",1979-03-09,"Warszawa",40,"M"
"184",4753,"Prawo i Sprawiedliwoœæ","wy¿sze","politolog","Jaros³aw Krajewski","19  Warszawa",1983-03-09,"Warszawa",36,"M"
"185",13060,"Prawo i Sprawiedliwoœæ","wy¿sze","przedsiêbiorca","Wies³aw Krajewski","15  Tarnów",1964-06-03,"Chojnów",55,"M"
"186",10194,"Prawo i Sprawiedliwoœæ","œrednie ogólne","pose³ na Sejm","Leonard Krasulski","34  Elbl¹g",1950-11-08,"Sopot",69,"M"
"187",8439,"Platforma Obywatelska - Koalicja Obywatelska","wy¿sze","nauczyciel akademicki","Robert Kropiwnicki","1  Legnica",1974-07-23,"Legnica",45,"M"
"188",10773,"Prawo i Sprawiedliwoœæ","wy¿sze","politolog","Piotr Król","4  Bydgoszcz",1974-06-26,"Bydgoszcz",45,"M"
"189",7465,"Platforma Obywatelska - Koalicja Obywatelska","wy¿sze","pracownik administracji","Wojciech Król","31  Katowice",1985-04-22,"Jaworzno",34,"M"
"190",43432,"Prawo i Sprawiedliwoœæ","wy¿sze","historyk","El¿bieta Kruk","6  Lublin",1959-11-19,"Lublin",60,"K"
"191",27568,"Prawo i Sprawiedliwoœæ","wy¿sze","socjolog","Anna Krupka","33  Kielce",1981-10-30,"Warszawa",38,"K"
"192",4779,"Prawo i Sprawiedliwoœæ","wy¿sze","urzêdnik samorz¹dowy","Andrzej Kryj","33  Kielce",1960-06-09,"Ostrowiec Œwiêtokrzyski",59,"M"
"193",7624,"Prawo i Sprawiedliwoœæ","wy¿sze","pielêgniarka","Bernadeta Krynicka","24  Bia³ystok",1970-04-16,"£om¿a",49,"K"
"194",15404,"Platforma Obywatelska - Koalicja Obywatelska","wy¿sze","nauczyciel jêzyka obcego","Marek Krz¹ka³a","30  Rybnik",1967-10-22,"Rybnik",52,"M"
"195",24333,"Platforma Obywatelska - Koalicja Obywatelska","œrednie ogólne","emeryt","Henryka Krzywonos-Strycharska","26  Gdynia",1953-03-27,"Olsztyn",66,"K"
"196",8004,"Prawo i Sprawiedliwoœæ","œrednie zawodowe","samorz¹dowiec","Dariusz Kubiak","10  Piotrków Trybunalski",1971-04-15,"Piotrków Trybunalski",48,"M"
"197",14551,"Prawo i Sprawiedliwoœæ","wy¿sze","administratywista","Krzysztof Kubów","1  Legnica",1984-07-22,"Lubin",35,"M"
"198",7105,"Platforma Obywatelska - Koalicja Obywatelska","wy¿sze","urzêdnik samorz¹dowy","Tomasz Kucharski","8  Zielona Góra",1974-02-16,"Gorzów Wielkopolski",45,"M"
"199",34558,"Prawo i Sprawiedliwoœæ","œrednie policealne/pomaturalne","polityk","Marek Kuchciñski","22  Krosno",1955-08-09,"Przemyœl",64,"M"
"200",76675,"Kukiz'15","œrednie ogólne","muzyk","Pawe³ Kukiz","19  Warszawa",1963-06-24,"Paczków",56,"M"
"201",15058,"Ko³o Poselskie Konfederacja","wy¿sze","konsultant ds. systemów informatycznych","Jakub Kulesza","6  Lublin",1990-11-12,"Lublin",29,"M"
"202",7848,"","","wy¿szy urzêdnik pañstwowy","Józef Kurek","16  P³ock",1953-04-25,"",66,"M"
"203",5486,"Prawo i Sprawiedliwoœæ","wy¿sze","nauczyciel akademicki","Jacek Kurzêpa","8  Zielona Góra",1961-10-05,"Œwiebodzin",58,"M"
"204",7458,"Prawo i Sprawiedliwoœæ","wy¿sze","ekonomista","Anna Kwiecieñ","17  Radom",1964-09-30,"Radom",55,"K"
"205",5636,"Prawo i Sprawiedliwoœæ","wy¿sze","nauczyciel","Marek Kwitek","33  Kielce",1961-04-28,"Annopol",58,"M"
"206",8981,"Platforma Obywatelska - Koalicja Obywatelska","wy¿sze","in¿ynier mechanik","Stanis³aw Lamczyk","26  Gdynia",1957-08-12,"Brusy",62,"M"
"207",8285,"Platforma Obywatelska - Koalicja Obywatelska","wy¿sze","pose³","Józef Lassota","13  Kraków",1943-10-24,"Siedliska",76,"M"
"208",40288,"Prawo i Sprawiedliwoœæ","wy¿sze","lekarz","Tomasz Latos","4  Bydgoszcz",1964-03-08,"Poznañ",55,"M"
"209",5369,"Prawo i Sprawiedliwoœæ","œrednie ogólne","kierowca autobusu","Bogdan Latosiñski","33  Kielce",1964-11-28,"Chmielnik",55,"M"
"210",17823,"Platforma Obywatelska - Koalicja Obywatelska","wy¿sze","wy¿szy urzêdnik pañstwowy","Gabriela Lenartowicz","30  Rybnik",1960-12-12,"Katowice",59,"K"
"211",21323,"Platforma Obywatelska - Koalicja Obywatelska","wy¿sze","pose³ zawodowy","Tomasz Lenz","5  Toruñ",1968-12-08,"Mogilno",51,"M"
"212",19160,"Platforma Obywatelska - Koalicja Obywatelska","wy¿sze","nauczyciel","Izabela Leszczyna","28  Czêstochowa",1962-09-03,"Czêstochowa",57,"K"
"213",16167,"Prawo i Sprawiedliwoœæ","wy¿sze","politolog","Józef Leœniak","14  Nowy S¹cz",1968-03-06,"Limanowa",51,"M"
"214",24122,"Prawo i Sprawiedliwoœæ","wy¿sze","dziennikarz","Joanna Lichocka","36  Kalisz",1969-11-21,"Warszawa",50,"K"
"215",23220,"Platforma Obywatelska - Koalicja Obywatelska","wy¿sze","ekonomistka","Ewa Lieder","25  Gdañsk",1968-01-15,"Gdañsk",51,"K"
"216",16450,"Prawo i Sprawiedliwoœæ","wy¿sze","nauczyciel","Krzysztof Lipiec","33  Kielce",1959-10-11,"Starachowice",60,"M"
"217",26199,"Prawo i Sprawiedliwoœæ","wy¿sze","ekonomista","Adam Lipiñski","1  Legnica",1956-09-11,"G³ubczyce",63,"M"
"218",22614,"Ko³o Poselskie Przywróciæ Prawo","œrednie zawodowe","muzyk","Piotr Liroy-Marzec","33  Kielce",1971-07-12,"Busko-Zdrój",48,"M"
"219",6865,"Prawo i Sprawiedliwoœæ","wy¿sze","historyk","Pawe³ Lisiecki","19  Warszawa",1978-08-15,"Warszawa",41,"M"
"220",6236,"Polskie Stronnictwo Ludowe - Koalicja Polska","wy¿sze","stomatolog","Rados³aw Lubczyk","40  Koszalin",1978-07-18,"Szczecinek",41,"M"
"221",18549,"Platforma Obywatelska - Koalicja Obywatelska","wy¿sze","nauczyciel akademicki","Katarzyna Lubnauer","9  £ódŸ",1969-07-24,"£ódŸ",50,"K"
"222",8114,"Prawo i Sprawiedliwoœæ","wy¿sze","politolog","Krzysztof £apiñski","38  Pi³a",1978-06-26,"Warszawa",41,"M"
"223",8669,"Prawo i Sprawiedliwoœæ","wy¿sze","historyk","Tomasz £awniczak","36  Kalisz",1961-08-03,"Ostrów Wielkopolski",58,"M"
"224",7750,"Polskie Stronnictwo Ludowe - Koalicja Polska","wy¿sze","parlamentarzysta","Jan £opata","6  Lublin",1954-08-16,"Motycz",65,"M"
"225",14608,"Prawo i Sprawiedliwoœæ","wy¿sze","parlamentarzysta","Marzena Macha³ek","1  Legnica",1960-08-29,"Wroc³aw",59,"K"
"226",7899,"Pose³ niezrzeszony","wy¿sze","politolog","Andrzej Maciejewski","35  Olsztyn",1969-10-24,"Bartoszyce",50,"M"
"227",6818,"Prawo i Sprawiedliwoœæ","wy¿sze","przedsiêbiorca prywatny, in¿ynier mechanik","Krzysztof Maciejewski","10  Piotrków Trybunalski",1953-04-17,"Pabianice",66,"M"
"228",33960,"Prawo i Sprawiedliwoœæ","wy¿sze","historyk","Antoni Macierewicz","10  Piotrków Trybunalski",1948-08-03,"Warszawa",71,"M"
"229",28909,"Prawo i Sprawiedliwoœæ","wy¿sze","pose³ na Sejm RP","Ewa Malik","32  Sosnowiec",1961-01-11,"Sosnowiec",58,"K"
"230",7959,"Polskie Stronnictwo Ludowe - Koalicja Polska","wy¿sze","rolnik - ogrodnik","Miros³aw Maliszewski","17  Radom",1968-02-28,"Warszawa",51,"M"
"231",23429,"Platforma Obywatelska - Koalicja Obywatelska","wy¿sze","lekarz/parlamentarzysta","Beata Ma³ecka-Libera","32  Sosnowiec",1954-05-17,"D¹browa Górnicza",65,"K"
"232",5513,"Prawo i Sprawiedliwoœæ","wy¿sze","bankowiec","Jerzy Ma³ecki","35  Olsztyn",1972-04-23,"Pisz",47,"M"
"233",18671,"Prawo i Sprawiedliwoœæ","wy¿sze","historyk","Maciej Ma³ecki","16  P³ock",1974-10-09,"Warszawa",45,"M"
"234",7147,"Platforma Obywatelska - Koalicja Obywatelska","wy¿sze","ekonomista","Arkadiusz Marchewka","41  Szczecin",1986-01-18,"Szczecin",33,"M"
"235",23287,"Prawo i Sprawiedliwoœæ","wy¿sze","ekonomista","Gabriela Mas³owska","6  Lublin",1950-06-27,"Batorz",69,"K"
"236",15303,"Kukiz'15","wy¿sze","nauczyciel akademicki","Maciej Mas³owski","23  Rzeszów",1984-07-21,"Rzeszów",35,"M"
"237",15089,"Prawo i Sprawiedliwoœæ","wy¿sze","parlamentarzysta","Jerzy Materna","8  Zielona Góra",1956-03-25,"Zielona Góra",63,"M"
"238",12059,"Prawo i Sprawiedliwoœæ","œrednie ogólne","pracownik samorz¹dowy","Beata Mateusiak-Pielucha","11  Sieradz",1963-04-23,"Wieluñ",56,"K"
"239",17227,"Prawo i Sprawiedliwoœæ","wy¿sze","in¿ynier energetyki","Grzegorz Matusiak","30  Rybnik",1961-02-24,"Jaworzno",58,"M"
"240",9970,"Prawo i Sprawiedliwoœæ","wy¿sze","adwokat","Andrzej Matusiewicz","22  Krosno",1952-06-22,"Krosno",67,"M"
"241",13880,"Prawo i Sprawiedliwoœæ","œrednie zawodowe","parlamentarzysta","Marek Matuszewski","11  Sieradz",1959-08-14,"Zgierz",60,"M"
"242",9345,"Prawo i Sprawiedliwoœæ","wy¿sze","przedstawiciel w³adz samorz¹dowych - radny sejmiku","Kazimierz Matuszny","27  Bielsko-Bia³a",1960-03-04,"Milówka",59,"M"
"243",30365,"Prawo i Sprawiedliwoœæ","wy¿sze","socjolog","Beata Mazurek","7  Che³m",1967-10-19,"Ostrów Mazowiecka",52,"K"
"244",26164,"Platforma Obywatelska - Koalicja Obywatelska","wy¿sze","przedsiêbiorca","Jerzy Meysztowicz","13  Kraków",1958-10-01,"Kraków",61,"M"
"245",9285,"Platforma Obywatelska - Koalicja Obywatelska","wy¿sze","in¿ynier elektronik","Antoni Mê¿yd³o","5  Toruñ",1954-08-23,"Lubawa",65,"M"
"246",11327,"Prawo i Sprawiedliwoœæ","wy¿sze","rolnik","Mieczys³aw Miazga","23  Rzeszów",1956-12-22,"Soko³ów Ma³opolski",62,"M"
"247",7485,"Prawo i Sprawiedliwoœæ","wy¿sze","nauczyciel","Iwona Micha³ek","5  Toruñ",1956-03-13,"Szczecin",63,"K"
"248",15806,"Prawo i Sprawiedliwoœæ","wy¿sze","socjolog","Krzysztof Micha³kiewicz","6  Lublin",1953-09-26,"Oborniki Œl¹skie",66,"M"
"249",24525,"Platforma Obywatelska - Koalicja Obywatelska","œrednie ogólne","kulturoznawca","Krzysztof Mieszkowski","3  Wroc³aw",1956-05-19,"G³ogów",63,"M"
"250",11562,"Prawo i Sprawiedliwoœæ","wy¿sze","pedagog","Anna Milczanowska","10  Piotrków Trybunalski",1958-07-18,"Radomsko",61,"K"
"251",13302,"Prawo i Sprawiedliwoœæ","wy¿sze","prawnik","Daniel Milewski","18  Siedlce",1989-11-22,"Chicago (USA)",30,"M"
"252",8565,"Platforma Obywatelska - Koalicja Obywatelska","wy¿sze","lekarz medycyny","Rajmund Miller","21  Opole",1954-07-16,"Kielce",65,"M"
"253",13871,"Platforma Obywatelska - Koalicja Obywatelska","wy¿sze","ekonomista","Piotr Misi³o","41  Szczecin",1974-06-11,"Szczecin",45,"M"
"254",5189,"Platforma Obywatelska - Koalicja Obywatelska","wy¿sze","parlamentarzysta","Aldona M³yñczak","3  Wroc³aw",1958-05-25,"Wroc³aw",61,"K"
"255",26101,"Ko³o Poselskie Wolni i Solidarni","wy¿sze","fizyk","Kornel Morawiecki","3  Wroc³aw",1941-05-03,"Warszawa",78,"M"
"256",7781,"Kukiz'15","wy¿sze","architekt urbanista","Robert Mordak","17  Radom",1964-05-23,"Radom",55,"M"
"257",7247,"Prawo i Sprawiedliwoœæ","wy¿sze","politolog","Jan Mosiñski","36  Kalisz",1956-12-19,"Lubin",62,"M"
"258",24128,"Prawo i Sprawiedliwoœæ","wy¿sze","nauczyciel","Kazimierz Moskal","23  Rzeszów",1962-02-02,"¯yraków",57,"M"
"259",18776,"Prawo i Sprawiedliwoœæ","wy¿sze","ekonomista","And¿elika Mo¿d¿anowska","36  Kalisz",1975-03-20,"Kêpno",44,"K"
"260",11901,"Platforma Obywatelska - Koalicja Obywatelska","wy¿sze","prawnik","Czes³aw Mroczek","18  Siedlce",1964-07-20,"Ka³uszyn",55,"M"
"261",5835,"Prawo i Sprawiedliwoœæ","wy¿sze","nauczyciel matematyki","Aleksander Mrówczyñski","26  Gdynia",1953-12-09,"Chojnice",66,"M"
"262",8659,"Platforma Obywatelska - Koalicja Obywatelska","wy¿sze","ekonomista","Izabela Katarzyna Mrzyg³ocka","2  Wa³brzych",1959-05-20,"Wa³brzych",60,"K"
"263",43459,"Platforma Obywatelska - Koalicja Obywatelska","wy¿sze","nauczyciel akademicki","Joanna Mucha","6  Lublin",1976-04-12,"P³oñsk",43,"K"
"264",36903,"Prawo i Sprawiedliwoœæ","wy¿sze","adwokat","Arkadiusz Mularczyk","14  Nowy S¹cz",1971-02-04,"Racibórz",48,"M"
"265",6259,"Platforma Obywatelska - Koalicja Obywatelska","wy¿sze","ekonomista, nauczyciel akademicki","Killion Munyama","38  Pi³a",1961-07-10,"Makala",58,"M"
"266",5758,"Prawo i Sprawiedliwoœæ","wy¿sze","in¿ynier elektronik","Wojciech Murdzek","2  Wa³brzych",1957-12-13,"Œwidnica",62,"M"
"267",13400,"Platforma Obywatelska - Koalicja Obywatelska","wy¿sze","radca prawny","Arkadiusz Myrcha","5  Toruñ",1984-02-01,"Toruñ",35,"M"
"268",20408,"Prawo i Sprawiedliwoœæ","wy¿sze","biochemik","Piotr Naimski","14  Nowy S¹cz",1951-02-02,"Warszawa",68,"M"
"269",15875,"Platforma Obywatelska - Koalicja Obywatelska","wy¿sze","parlamentarzysta","Anna Nemœ","32  Sosnowiec",1964-03-19,"Ogrodzieniec",55,"K"
"270",20514,"Platforma Obywatelska - Koalicja Obywatelska","wy¿sze","ekonomista","S³awomir Neumann","25  Gdañsk",1968-04-30,"Starogard Gdañski",51,"M"
"271",7967,"Platforma Obywatelska - Koalicja Obywatelska","wy¿sze","lekarz weterynarii","Dorota Niedziela","12  Kraków",1964-08-20,"Oœwiêcim",55,"K"
"272",17741,"Platforma Obywatelska - Koalicja Obywatelska","wy¿sze","ekonomista","Ma³gorzata Niemczyk","9  £ódŸ",1969-10-25,"£ódŸ",50,"K"
"273",29304,"Polskie Stronnictwo Ludowe - Koalicja Polska","wy¿sze","parlamentarzysta","Stefan Niesio³owski","8  Zielona Góra",1944-02-04,"Ka³êczew",75,"M"
"274",20930,"Platforma Obywatelska - Koalicja Obywatelska","wy¿sze","politolog","S³awomir Nitras","41  Szczecin",1973-04-26,"Po³czyn-Zdrój",46,"M"
"275",11820,"Platforma Obywatelska - Koalicja Obywatelska","wy¿sze","parlamentarzysta","Tomasz Piotr Nowak","37  Konin",1956-12-22,"Kwidzyn",62,"M"
"276",26927,"Platforma Obywatelska - Koalicja Obywatelska","wy¿sze","przedsiêbiorca","Miros³awa Nykiel","27  Bielsko-Bia³a",1953-09-23,"Wañkowa",66,"K"
"277",21708,"Platforma Obywatelska - Koalicja Obywatelska","wy¿sze","nauczyciel akademicki","W³odzimierz Nykiel","9  £ódŸ",1951-12-23,"£ódŸ",67,"M"
"278",16617,"Platforma Obywatelska - Koalicja Obywatelska","wy¿sze","germanista","Norbert Obrycki","41  Szczecin",1972-11-22,"Szczecin",47,"M"
"279",13019,"Platforma Obywatelska - Koalicja Obywatelska","wy¿sze","pose³ na Sejm RP","Marzena Ok³a-Drewnowicz","33  Kielce",1972-05-20,"Skar¿ysko-Kamienna",47,"K"
"280",14438,"Platforma Obywatelska - Koalicja Obywatelska","wy¿sze","ekonomista","Pawe³ Olszewski","4  Bydgoszcz",1979-12-11,"Bydgoszcz",40,"M"
"281",8174,"Prawo i Sprawiedliwoœæ","wy¿sze","pedagog","Piotr Olszówka","7  Che³m",1981-06-16,"Bi³goraj",38,"M"
"282",4983,"Prawo i Sprawiedliwoœæ","wy¿sze","rolnik","Adam O³dakowski","34  Elbl¹g",1955-12-25,"Gi¿ycko",63,"M"
"283",14708,"Prawo i Sprawiedliwoœæ","wy¿sze","politolog","Marek Opio³a","16  P³ock",1976-09-24,"Warszawa",43,"M"
"284",5749,"Platforma Obywatelska - Koalicja Obywatelska","wy¿sze","radca prawny","Katarzyna Osos","8  Zielona Góra",1980-11-17,"Œwiebodzin",39,"K"
"285",9443,"Prawo i Sprawiedliwoœæ","wy¿sze","lekarz medycyny","Krzysztof Ostrowski","37  Konin",1961-01-04,"Wroc³aw",58,"M"
"286",10219,"Prawo i Sprawiedliwoœæ","wy¿sze","parlamentarzysta","Jacek Osuch","13  Kraków",1958-08-28,"Olkusz",61,"M"
"287",15049,"Prawo i Sprawiedliwoœæ","wy¿sze","parlamentarzysta","Anna Paluch","14  Nowy S¹cz",1960-03-31,"Nowy Targ",59,"K"
"288",7787,"Platforma Obywatelska - Koalicja Obywatelska","wy¿sze","radca prawny","Miros³aw Pampuch","35  Olsztyn",1967-03-19,"Olsztyn",52,"M"
"289",17376,"Platforma Obywatelska - Koalicja Obywatelska","wy¿sze","pedagog","Pawe³ Papke","35  Olsztyn",1977-02-13,"Starogard Gdañski",42,"M"
"290",10408,"Kukiz'15","wy¿sze","ekonomista","B³a¿ej Parda","38  Pi³a",1986-12-26,"Pi³a",32,"M"
"291",6354,"Polskie Stronnictwo Ludowe - Koalicja Polska","wy¿sze","prawnik","Urszula Pas³awska","35  Olsztyn",1977-01-28,"Biskupiec",42,"K"
"292",3345,"Polskie Stronnictwo Ludowe - Koalicja Polska","wy¿sze","prawnik","Krzysztof Paszyk","38  Pi³a",1979-04-10,"Poznañ",40,"M"
"293",12540,"Prawo i Sprawiedliwoœæ","wy¿sze","in¿ynier ogrodnictwa","Jerzy Paul","23  Rzeszów",1972-11-08,"Nowa Sarzyna",47,"M"
"294",18070,"Prawo i Sprawiedliwoœæ","wy¿sze","nauczyciel akademicki","Krystyna Paw³owicz","18  Siedlce",1952-04-14,"Wojcieszów",67,"K"
"295",32552,"Platforma Obywatelska - Koalicja Obywatelska","wy¿sze","lekarz","Zbigniew Paw³owicz","4  Bydgoszcz",1943-09-22,"Kamieñ Koszyrski",76,"M"
"296",129088,"Ko³o Poselskie TERAZ!","wy¿sze","ekonomista","Ryszard Petru","19  Warszawa",1972-07-06,"Wroc³aw",47,"M"
"297",11733,"Platforma Obywatelska - Koalicja Obywatelska","wy¿sze","ekonomista","Ma³gorzata Pêpek","27  Bielsko-Bia³a",1961-06-10,"Kocierz Rydzwa³dzki",58,"K"
"298",5959,"Platforma Obywatelska - Koalicja Obywatelska","wy¿sze","radca prawny","S³awomir Jan Piechota","3  Wroc³aw",1960-01-01,"Tomaszów Mazowiecki",59,"M"
"299",11222,"Platforma Obywatelska - Koalicja Obywatelska","wy¿sze","nauczyciel","Danuta Pietraszewska","31  Katowice",1947-05-08,"Ruda Œl¹ska",72,"K"
"300",18907,"Pose³ niezrzeszony","wy¿sze","parlamentarzysta","Stanis³aw Piêta","27  Bielsko-Bia³a",1971-05-09,"Bielsko-Bia³a",48,"M"
"301",28378,"Prawo i Sprawiedliwoœæ","wy¿sze","pose³ na Sejm RP","Dariusz Piontkowski","24  Bia³ystok",1964-12-17,"Sielc",54,"M"
"302",15747,"Prawo i Sprawiedliwoœæ","wy¿sze","prokurator","Stanis³aw Piotrowicz","22  Krosno",1952-07-19,"Bochnia",67,"M"
"303",18678,"Platforma Obywatelska - Koalicja Obywatelska","wy¿sze","historyk","Teresa Piotrowska","4  Bydgoszcz",1955-02-05,"Tczew",64,"K"
"304",11060,"Platforma Obywatelska - Koalicja Obywatelska","wy¿sze","in¿ynier rolnik","Kazimierz Plocke","26  Gdynia",1958-05-03,"Domatowo",61,"M"
"305",18429,"Prawo i Sprawiedliwoœæ","wy¿sze","prawnik","Jerzy Polaczek","31  Katowice",1961-08-24,"Piekary Œl¹skie",58,"M"
"306",3345,"Prawo i Sprawiedliwoœæ","œrednie zawodowe","technik mechanik","Marek Polak","12  Kraków",1963-11-19,"Wadowice",56,"M"
"307",16637,"Prawo i Sprawiedliwoœæ","wy¿sze","rolnik","Piotr Polak","11  Sieradz",1961-01-20,"Grabinka",58,"M"
"308",22196,"Platforma Obywatelska - Koalicja Obywatelska","wy¿sze","politolog","Agnieszka Pomaska","25  Gdañsk",1980-01-08,"Gdynia",39,"K"
"309",10777,"Pose³ niezrzeszony","wy¿sze","specjalista administracji publicznej","Jaros³aw Porwich","8  Zielona Góra",1966-08-17,"Gorzów Wielkopolski",53,"M"
"310",6690,"Prawo i Sprawiedliwoœæ","wy¿sze","politolog","Marcin Porzucek","38  Pi³a",1984-07-20,"Kielce",35,"M"
"311",18099,"Platforma Obywatelska - Koalicja Obywatelska","wy¿sze","nauczyciel","Jacek Protas","34  Elbl¹g",1964-01-15,"Lidzbark Warmiñski",55,"M"
"312",29922,"Polskie Stronnictwo Ludowe - Koalicja Polska","wy¿sze","filolog polski","Jacek Protasiewicz","3  Wroc³aw",1967-06-05,"Brzeg",52,"M"
"313",9382,"Prawo i Sprawiedliwoœæ","wy¿sze","prawnik","Piotr Pszczó³kowski","9  £ódŸ",1970-08-23,"£ódŸ",49,"M"
"314",12262,"Prawo i Sprawiedliwoœæ","wy¿sze","kierownik dzia³u marketingu","Grzegorz Puda","27  Bielsko-Bia³a",1982-07-13,"Bielsko-Bia³a",37,"M"
"315",16716,"Platforma Obywatelska - Koalicja Obywatelska","wy¿sze","przedsiêbiorca","Pawe³ Pud³owski","8  Zielona Góra",1972-07-08,"Zielona Góra",47,"M"
"316",7326,"Prawo i Sprawiedliwoœæ","wy¿sze","parlamentarzysta","Piotr Pyzik","29  Gliwice",1959-01-01,"Pu³awy",60,"M"
"317",12741,"Platforma Obywatelska - Koalicja Obywatelska","wy¿sze","lekarz medycyny","El¿bieta Radziszewska","10  Piotrków Trybunalski",1958-01-06,"Bia³ocin",61,"K"
"318",22898,"Prawo i Sprawiedliwoœæ","wy¿sze","parlamentarzystka","El¿bieta Rafalska","8  Zielona Góra",1955-06-22,"Wschowa",64,"K"
"319",10485,"Platforma Obywatelska - Koalicja Obywatelska","wy¿sze","parlamentarzysta","Grzegorz Raniewicz","7  Che³m",1970-07-09,"Che³m",49,"M"
"320",24543,"Platforma Obywatelska - Koalicja Obywatelska","wy¿sze","historyk","Ireneusz Raœ","13  Kraków",1972-09-30,"Proszowice",47,"M"
"321",7740,"Kukiz'15","zasadnicze zawodowe","emeryt","Stefan Romecki","40  Koszalin",1950-09-02,"Koszalin",69,"M"
"322",20126,"Platforma Obywatelska - Koalicja Obywatelska","wy¿sze","politolog","Monika Rosa","31  Katowice",1986-04-24,"CzeladŸ",33,"K"
"323",10115,"Platforma Obywatelska - Koalicja Obywatelska","wy¿sze","bibliotekoznawca","Halina Rozpondek","28  Czêstochowa",1950-05-25,"Czêstochowa",69,"K"
"324",9508,"Pose³ niezrzeszony","wy¿sze","lekarz medycyny","Marek Ruciñski","39  Poznañ",1953-01-24,"Poznañ",66,"M"
"325",16971,"Prawo i Sprawiedliwoœæ","wy¿sze","ekonomista","Urszula Rusecka","15  Tarnów",1966-09-11,"Kraków",53,"K"
"326",14537,"Platforma Obywatelska - Koalicja Obywatelska","wy¿sze","ekonomista","Leszek Ruszczyk","17  Radom",1959-05-06,"Radom",60,"M"
"327",10157,"Platforma Obywatelska - Koalicja Obywatelska","wy¿sze","socjolog","Dorota Rutkowska","10  Piotrków Trybunalski",1962-01-24,"Skierniewice",57,"K"
"328",27916,"Platforma Obywatelska - Koalicja Obywatelska","wy¿sze","parlamentarzysta","Jakub Rutnicki","38  Pi³a",1978-12-03,"Szamotu³y",41,"M"
"329",14562,"Platforma Obywatelska - Koalicja Obywatelska","wy¿sze","nauczyciel","Marek Rz¹sa","22  Krosno",1957-10-04,"Rzeszów",62,"M"
"330",9229,"Kukiz'15","wy¿sze","prawnik","£ukasz Rzepecki","11  Sieradz",1992-09-05,"Zgierz",27,"M"
"331",28356,"Prawo i Sprawiedliwoœæ","wy¿sze","nauczyciel","Bogdan Rzoñca","22  Krosno",1961-02-01,"Zarzecze",58,"M"
"332",11977,"Prawo i Sprawiedliwoœæ","wy¿sze","prawnik","Tomasz Rzymkowski","11  Sieradz",1986-07-31,"Kutno",33,"M"
"333",10722,"Kukiz'15","wy¿sze","przedsiêbiorca","Jaros³aw Sachajko","7  Che³m",1971-10-08,"Lublin",48,"M"
"334",15705,"Ko³o Poselskie Przywróciæ Prawo","wy¿sze","dziennikarz","Janusz Sanocki","21  Opole",1954-03-05,"Nysa",65,"M"
"335",43250,"Prawo i Sprawiedliwoœæ","wy¿sze","historyk","Jacek Sasin","20  Warszawa",1969-11-06,"Warszawa",50,"M"
"336",11892,"Polskie Stronnictwo Ludowe - Koalicja Polska","wy¿sze","in¿ynier rolnictwa","Marek Sawicki","18  Siedlce",1958-04-08,"Sawice",61,"M"
"337",42376,"Platforma Obywatelska - Koalicja Obywatelska","wy¿sze","pose³ na Sejm RP","Grzegorz Schetyna","33  Kielce",1963-02-18,"Opole",56,"M"
"338",12655,"Ko³o Poselskie TERAZ!","wy¿sze","zawodowy dzia³acz organizacji pozarz¹dowej","Joanna Scheuring-Wielgus","5  Toruñ",1972-02-08,"Toruñ",47,"K"
"339",35202,"Ko³o Poselskie TERAZ!","wy¿sze","ekonomista","Joanna Mihu³ka","39  Poznañ",1978-09-14,"G³ogów",41,"K"
"340",16134,"Prawo i Sprawiedliwoœæ","wy¿sze","socjolog","Anna Schmidt-Rodziewicz","22  Krosno",1978-11-11,"Jaros³aw",41,"K"
"341",15948,"Prawo i Sprawiedliwoœæ","wy¿sze","parlamentarzysta","Grzegorz Schreiber","11  Sieradz",1961-02-14,"Bydgoszcz",58,"M"
"342",7291,"Prawo i Sprawiedliwoœæ","wy¿sze","pracownik samorz¹dowy","£ukasz Schreiber","4  Bydgoszcz",1987-05-26,"Bydgoszcz",32,"M"
"343",34997,"Prawo i Sprawiedliwoœæ","wy¿sze","parlamentarzysta","Jaros³aw Sellin","25  Gdañsk",1963-05-01,"Gdynia",56,"M"
"344",13953,"Prawo i Sprawiedliwoœæ","wy¿sze","nauczyciel","Edward Siarka","14  Nowy S¹cz",1963-07-07,"Rabka",56,"M"
"345",12073,"Prawo i Sprawiedliwoœæ","wy¿sze","specjalista ds. planowania obronnego","Anna Maria Siarkowska","18  Siedlce",1982-03-23,"Warszawa",37,"K"
"346",6868,"Platforma Obywatelska - Koalicja Obywatelska","wy¿sze","parlamentarzysta","Krystyna Sibiñska","8  Zielona Góra",1962-06-12,"Z³ocieniec",57,"K"
"347",30786,"Platforma Obywatelska - Koalicja Obywatelska","wy¿sze","ekonomista","Tomasz Siemoniak","2  Wa³brzych",1967-07-02,"Wa³brzych",52,"M"
"348",12127,"Prawo i Sprawiedliwoœæ","wy¿sze","in¿ynier górnik","Krzysztof Sitarski","30  Rybnik",1976-11-14,"Wodzis³aw Œl¹ski",43,"M"
"349",23576,"Platforma Obywatelska - Koalicja Obywatelska","wy¿sze","administratywista","Krystyna Skowroñska","23  Rzeszów",1954-07-22,"Mielec",65,"K"
"350",7058,"Prawo i Sprawiedliwoœæ","wy¿sze","dziennikarz","Wojciech Skurkiewicz","17  Radom",1969-12-05,"Radom",50,"M"
"351",11089,"Ko³o Poselskie Konfederacja","wy¿sze","dziennikarz","Pawe³ Skutecki","4  Bydgoszcz",1975-02-26,"Bydgoszcz",44,"M"
"352",5572,"Prawo i Sprawiedliwoœæ","wy¿sze","nauczyciel akademicki","Andrzej Smirnow","20  Warszawa",1938-09-09,"Warszawa",81,"M"
"353",12424,"Prawo i Sprawiedliwoœæ","wy¿sze","adwokat","Kazimierz Smoliñski","25  Gdañsk",1955-07-15,"Malbork",64,"M"
"354",16269,"Prawo i Sprawiedliwoœæ","wy¿sze","nauczyciel","Anna El¿bieta Sobecka","5  Toruñ",1951-03-27,"Piotrków Kujawski",68,"K"
"355",5014,"Prawo i Sprawiedliwoœæ","œrednie ogólne","mened¿er","Czes³aw Sobierajski","30  Rybnik",1952-06-05,"Kielce",67,"M"
"356",16643,"Prawo i Sprawiedliwoœæ","wy¿sze","pracownik samorz¹dowy","Artur Soboñ","6  Lublin",1977-03-13,"Œwidnik",42,"M"
"357",11715,"Platforma Obywatelska","wy¿sze","radny województwa","Bogus³aw Sonik","13  Kraków",1953-12-03,"Kraków",66,"M"
"358",7230,"Polskie Stronnictwo Ludowe - Koalicja Polska","wy¿sze","nauczyciel historii","Zbigniew Sosnowski","5  Toruñ",1963-12-10,"Rypin",56,"M"
"359",23809,"Prawo i Sprawiedliwoœæ","wy¿sze","lekarz medycyny - neurolog","Andrzej Soœnierz","31  Katowice",1951-05-08,"G³ucho³azy",68,"M"
"360",20867,"Platforma Obywatelska - Koalicja Obywatelska","wy¿sze","ekonomista","Marek Sowa","12  Kraków",1967-02-04,"Libi¹¿",52,"M"
"361",15713,"Prawo i Sprawiedliwoœæ","wy¿sze","nauczyciel konsultant","Lech Sprawka","6  Lublin",1955-08-09,"Kolonia Radawczyk",64,"M"
"362",41296,"Prawo i Sprawiedliwoœæ","wy¿sze","pedagog","Miros³awa Stachowiak-Ró¿ecka","3  Wroc³aw",1973-07-08,"Œwiebodzin",46,"K"
"363",9039,"Prawo i Sprawiedliwoœæ","wy¿sze","urzêdnik samorz¹dowy","Dariusz Starzycki","32  Sosnowiec",1973-02-26,"Chrzanów",46,"M"
"364",12017,"Platforma Obywatelska - Koalicja Obywatelska","wy¿sze","przedsiêbiorca","Micha³ Stasiñski","4  Bydgoszcz",1968-04-28,"Bydgoszcz",51,"M"
"365",15807,"Prawo i Sprawiedliwoœæ","wy¿sze","historyk","Jaros³aw Stawiarski","6  Lublin",1963-10-03,"Kraœnik",56,"M"
"366",10041,"Platforma Obywatelska - Koalicja Obywatelska","wy¿sze","ekonomista","El¿bieta Stêpieñ","1  Legnica",1978-09-23,"Lubin",41,"K"
"367",13357,"Platforma Obywatelska - Koalicja Obywatelska","wy¿sze","ekonomista","Miros³aw Suchoñ","27  Bielsko-Bia³a",1976-01-10,"Bielsko-Bia³a",43,"M"
"368",36542,"Prawo i Sprawiedliwoœæ","œrednie policealne/pomaturalne","parlamentarzysta","Marek Suski","17  Radom",1958-06-11,"Grójec",61,"M"
"369",5702,"Platforma Obywatelska - Koalicja Obywatelska","wy¿sze","przedsiêbiorca","Pawe³ Suski","40  Koszalin",1964-06-10,"Wa³cz",55,"M"
"370",7024,"Prawo i Sprawiedliwoœæ","wy¿sze","socjolog","Artur Sza³abawka","41  Szczecin",1967-10-03,"Szczecin",52,"M"
"371",34979,"Prawo i Sprawiedliwoœæ","wy¿sze","adwokat","Wojciech Szarama","29  Gliwice",1955-12-16,"Bytom",63,"M"
"372",4919,"Platforma Obywatelska - Koalicja Obywatelska","wy¿sze","pose³ na Sejm RP","Micha³ Szczerba","19  Warszawa",1977-12-14,"Warszawa",42,"M"
"373",15635,"Prawo i Sprawiedliwoœæ","wy¿sze","menad¿er ochrony zdrowia","Józefa Szczurek-¯elazko","15  Tarnów",1961-03-14,"Nowy S¹cz",58,"K"
"374",31013,"Prawo i Sprawiedliwoœæ","œrednie policealne/pomaturalne","pielêgniarka dyplomowana","Jolanta Szczypiñska","26  Gdynia",1957-06-24,"S³upsk",62,"K"
"375",6991,"Prawo i Sprawiedliwoœæ","wy¿sze","prawnik","Pawe³ Szefernaker","40  Koszalin",1987-02-27,"Szczecin",32,"M"
"376",7863,"Prawo i Sprawiedliwoœæ","wy¿sze","prawnik","Jan Szewczak","7  Che³m",1953-09-23,"Pi³a",66,"M"
"377",9142,"Prawo i Sprawiedliwoœæ","wy¿sze","nauczyciel","Jaros³aw Szlachetka","12  Kraków",1983-06-05,"Myœlenice",36,"M"
"378",24365,"Prawo i Sprawiedliwoœæ","wy¿sze","nauczyciel akademicki","Andrzej Szlachta","23  Rzeszów",1947-01-19,"Rzeszów",72,"M"
"379",12539,"Platforma Obywatelska - Koalicja Obywatelska","wy¿sze","politolog","Adam Sz³apka","36  Kalisz",1984-12-06,"Koœcian",35,"M"
"380",13552,"Kukiz'15","wy¿sze","¿o³nierz szeregowy","Pawe³ Szramka","5  Toruñ",1989-06-18,"Brodnica",30,"M"
"381",9019,"Prawo i Sprawiedliwoœæ","wy¿sze","lekarz weterynarii","Krzysztof Szulowski","6  Lublin",1963-05-25,"Janowiec",56,"M"
"382",14533,"Platforma Obywatelska - Koalicja Obywatelska","wy¿sze","nauczyciel","Krystyna Szumilas","29  Gliwice",1956-06-28,"Knurów",63,"K"
"383",46220,"Prawo i Sprawiedliwoœæ","wy¿sze","parlamentarzysta","Stanis³aw Szwed","27  Bielsko-Bia³a",1955-04-12,"Bielsko-Bia³a",64,"M"
"384",10483,"Prawo i Sprawiedliwoœæ","wy¿sze","radca prawny","Halina Szyde³ko","23  Rzeszów",1962-06-10,"Rzeszów",57,"K"
"385",96127,"Prawo i Sprawiedliwoœæ","wy¿sze","parlamentarzysta","Beata Szyd³o","12  Kraków",1963-04-15,"Oœwiêcim",56,"K"
"386",15596,"Platforma Obywatelska - Koalicja Obywatelska","wy¿sze","doradca podatkowy","Bo¿ena Szyd³owska","39  Poznañ",1951-04-11,"Poznañ",68,"K"
"387",5712,"Prawo i Sprawiedliwoœæ","wy¿sze","bieg³y rewident","Ewa Szymañska","1  Legnica",1952-04-24,"Prochowice",67,"K"
"388",10399,"Platforma Obywatelska - Koalicja Obywatelska","wy¿sze","pose³ zawodowy","Tomasz Szymañski","5  Toruñ",1978-04-24,"Grudzi¹dz",41,"M"
"389",8676,"Prawo i Sprawiedliwoœæ","wy¿sze","samorz¹dowiec","Szymon Szynkowski vel Sêk","39  Poznañ",1982-11-24,"Poznañ",37,"M"
"390",15015,"Prawo i Sprawiedliwoœæ","wy¿sze","leœnik","Jan Szyszko","20  Warszawa",1944-04-19,"Stara Mi³osna",75,"M"
"391",17630,"Kukiz'15","wy¿sze","socjolog","Agnieszka Œcigaj","13  Kraków",1975-12-22,"Kraków",43,"K"
"392",21424,"Platforma Obywatelska - Koalicja Obywatelska","wy¿sze","dziennikarz","Iwona Œledziñska-Katarasiñska","9  £ódŸ",1941-01-03,"Komorniki",78,"K"
"393",26671,"Prawo i Sprawiedliwoœæ","wy¿sze","in¿ynier mechanik","Janusz Œniadek","26  Gdynia",1955-05-26,"Sopot",64,"M"
"394",17281,"Prawo i Sprawiedliwoœæ","wy¿sze","specjalista marketingu","Jacek Œwiat","3  Wroc³aw",1955-12-16,"Wroc³aw",63,"M"
"395",8329,"Platforma Obywatelska - Koalicja Obywatelska","wy¿sze","ekonomista","Marcin Œwiêcicki","19  Warszawa",1947-04-17,"Warszawa",72,"M"
"396",7475,"Prawo i Sprawiedliwoœæ","wy¿sze","mgr prawa","Dominik Tarczyñski","33  Kielce",1979-03-27,"Lublin",40,"M"
"397",26372,"Prawo i Sprawiedliwoœæ","wy¿sze","parlamentarzysta","Krzysztof Tchórzewski","18  Siedlce",1950-05-19,"Rz¹¿ew",69,"M"
"398",18670,"Prawo i Sprawiedliwoœæ","wy¿sze","rolnik","Robert Telus","10  Piotrków Trybunalski",1969-04-18,"Opoczno",50,"M"
"399",7913,"Prawo i Sprawiedliwoœæ","wy¿sze","nauczyciel akademicki","Ryszard Terlecki","13  Kraków",1949-09-02,"Kraków",70,"M"
"400",36422,"Prawo i Sprawiedliwoœæ","wy¿sze","ekonomista","Grzegorz Tobiszowski","31  Katowice",1965-11-01,"Ruda Œl¹ska",54,"M"
"401",4606,"Polskie Stronnictwo Ludowe - Koalicja Polska","wy¿sze","parlamentarzysta","Genowefa Tokarska","7  Che³m",1949-08-05,"Biszcza",70,"K"
"402",5114,"Prawo i Sprawiedliwoœæ","wy¿sze","fizyk","Ewa Tomaszewska","19  Warszawa",1947-04-14,"P³ock",72,"K"
"403",10687,"Polskie Stronnictwo Ludowe - Koalicja Polska","wy¿sze","notariusz","Jacek Tomczak","39  Poznañ",1973-07-27,"Poznañ",46,"M"
"404",26781,"Platforma Obywatelska - Koalicja Obywatelska","wy¿sze","politolog","Cezary Tomczyk","11  Sieradz",1984-08-25,"Gryfice",35,"M"
"405",10814,"Platforma Obywatelska","wy¿sze","pose³ na Sejm RP","Tomasz Tomczykiewicz","31  Katowice",1961-03-02,"Pszczyna",58,"M"
"406",14141,"Platforma Obywatelska - Koalicja Obywatelska","wy¿sze","ekonomista","Krzysztof Truskolaski","24  Bia³ystok",1990-07-25,"Bia³ystok",29,"M"
"407",47080,"Platforma Obywatelska","wy¿sze","wyk³adowca akademicki","Rafa³ Trzaskowski","13  Kraków",1972-01-17,"Warszawa",47,"M"
"408",17289,"Prawo i Sprawiedliwoœæ","wy¿sze","pracownik samorz¹dowy","Sylwester Tu³ajew","6  Lublin",1981-12-30,"Lublin",37,"M"
"409",14670,"Kukiz'15","wy¿sze","wyk³adowca akademicki","Stanis³aw Tyszka","20  Warszawa",1979-04-11,"Warszawa",40,"M"
"410",19453,"Platforma Obywatelska - Koalicja Obywatelska","œrednie ogólne","wydawca","Robert Tyszkiewicz","24  Bia³ystok",1963-06-07,"Bia³ystok",56,"M"
"411",14218,"Platforma Obywatelska - Koalicja Obywatelska","wy¿sze","logik","Jaros³aw Urbaniak","36  Kalisz",1966-08-07,"Ostrów Wielkopolski",53,"M"
"412",11200,"Prawo i Sprawiedliwoœæ","wy¿sze","historyk","Piotr Uruski","22  Krosno",1976-08-11,"Sanok",43,"M"
