ID,WiekPrzedz,Plec,Region,Dochod,Wspolmal,LiczbaDz,MaSamoch,MaRachOszcz,MaRachBiez,MaHipot,CzyKupiFI
1,35-50,K,CENTRUM_MIASTA,Niski,NIE,1,NIE,NIE,NIE,NIE,TAK
2,35-50,M,OSIEDLE_MIEJ,Sredni,TAK,3,TAK,NIE,TAK,TAK,NIE
3,51-100,K,CENTRUM_MIASTA,Niski,TAK,0,TAK,TAK,TAK,NIE,NIE
4,0-34,K,OSIEDLE_MIEJ,Niski,TAK,3,NIE,NIE,TAK,NIE,NIE
5,51-100,K,WIES,Wysoki,TAK,0,NIE,TAK,NIE,NIE,NIE
6,51-100,K,OSIEDLE_MIEJ,Sredni,TAK,2,NIE,TAK,TAK,NIE,TAK
7,0-34,M,WIES,Niski,NIE,0,NIE,NIE,TAK,NIE,TAK
8,51-100,M,OSIEDLE_MIEJ,Sredni,TAK,0,TAK,TAK,TAK,NIE,NIE
9,35-50,K,PODMIEJSKI,Sredni,TAK,2,TAK,NIE,NIE,NIE,NIE
10,51-100,M,OSIEDLE_MIEJ,Niski,TAK,2,TAK,TAK,TAK,NIE,NIE
11,51-100,K,OSIEDLE_MIEJ,Wysoki,TAK,0,NIE,TAK,TAK,NIE,NIE
12,51-100,K,CENTRUM_MIASTA,Sredni,NIE,0,TAK,TAK,TAK,TAK,NIE
13,35-50,K,OSIEDLE_MIEJ,Niski,TAK,1,NIE,TAK,TAK,TAK,TAK
14,51-100,K,OSIEDLE_MIEJ,Wysoki,TAK,1,TAK,TAK,TAK,TAK,TAK
15,35-50,M,WIES,Niski,TAK,0,NIE,TAK,TAK,TAK,NIE
16,35-50,K,CENTRUM_MIASTA,Niski,TAK,0,TAK,TAK,TAK,TAK,NIE
17,35-50,K,OSIEDLE_MIEJ,Niski,TAK,2,NIE,NIE,NIE,TAK,NIE
18,35-50,K,PODMIEJSKI,Sredni,TAK,0,NIE,TAK,NIE,TAK,NIE
19,51-100,K,CENTRUM_MIASTA,Sredni,TAK,0,NIE,TAK,NIE,NIE,TAK
20,0-34,M,OSIEDLE_MIEJ,Niski,TAK,0,TAK,TAK,TAK,NIE,NIE
21,51-100,M,CENTRUM_MIASTA,Wysoki,TAK,2,NIE,TAK,NIE,NIE,TAK
22,35-50,M,OSIEDLE_MIEJ,Niski,TAK,2,NIE,TAK,TAK,NIE,NIE
23,51-100,M,CENTRUM_MIASTA,Sredni,TAK,0,NIE,TAK,TAK,NIE,NIE
24,0-34,K,OSIEDLE_MIEJ,Niski,NIE,0,TAK,TAK,TAK,TAK,NIE
25,0-34,M,CENTRUM_MIASTA,Niski,NIE,2,TAK,TAK,TAK,NIE,NIE
26,51-100,M,CENTRUM_MIASTA,Sredni,TAK,0,TAK,TAK,TAK,TAK,NIE
27,35-50,M,CENTRUM_MIASTA,Niski,TAK,0,NIE,TAK,TAK,TAK,NIE
28,35-50,K,OSIEDLE_MIEJ,Niski,TAK,1,NIE,NIE,TAK,NIE,TAK
29,35-50,K,CENTRUM_MIASTA,Sredni,NIE,3,TAK,NIE,TAK,TAK,NIE
30,51-100,M,WIES,Niski,TAK,1,NIE,NIE,TAK,NIE,TAK
31,51-100,K,WIES,Niski,TAK,2,NIE,TAK,TAK,NIE,NIE
32,0-34,K,OSIEDLE_MIEJ,Niski,TAK,2,NIE,TAK,NIE,NIE,NIE
33,35-50,M,PODMIEJSKI,Niski,TAK,1,TAK,TAK,TAK,NIE,TAK
34,0-34,K,CENTRUM_MIASTA,Sredni,NIE,3,TAK,TAK,NIE,NIE,NIE
35,35-50,M,PODMIEJSKI,Sredni,NIE,0,NIE,TAK,TAK,NIE,TAK
36,0-34,K,CENTRUM_MIASTA,Niski,TAK,2,NIE,TAK,TAK,NIE,NIE
37,0-34,M,WIES,Niski,TAK,3,TAK,TAK,TAK,NIE,NIE
38,35-50,K,WIES,Niski,NIE,0,TAK,NIE,TAK,NIE,TAK
39,35-50,K,OSIEDLE_MIEJ,Niski,TAK,0,TAK,TAK,TAK,NIE,NIE
40,51-100,K,PODMIEJSKI,Sredni,NIE,2,NIE,NIE,TAK,NIE,NIE
41,51-100,M,OSIEDLE_MIEJ,Sredni,TAK,0,NIE,NIE,TAK,TAK,TAK
42,35-50,K,CENTRUM_MIASTA,Sredni,TAK,0,TAK,NIE,TAK,NIE,NIE
43,51-100,M,OSIEDLE_MIEJ,Wysoki,NIE,2,TAK,TAK,NIE,NIE,TAK
44,0-34,K,OSIEDLE_MIEJ,Sredni,TAK,0,TAK,NIE,TAK,TAK,NIE
45,0-34,M,CENTRUM_MIASTA,Niski,NIE,2,TAK,TAK,TAK,TAK,NIE
46,51-100,M,CENTRUM_MIASTA,Wysoki,TAK,2,NIE,TAK,TAK,TAK,TAK
47,35-50,K,CENTRUM_MIASTA,Niski,NIE,1,TAK,TAK,TAK,NIE,TAK
48,0-34,M,CENTRUM_MIASTA,Niski,NIE,2,NIE,TAK,TAK,TAK,TAK
49,51-100,M,CENTRUM_MIASTA,Sredni,NIE,2,TAK,NIE,TAK,NIE,TAK
50,35-50,K,WIES,Niski,TAK,2,TAK,TAK,NIE,NIE,NIE
51,0-34,M,OSIEDLE_MIEJ,Niski,NIE,2,TAK,TAK,NIE,NIE,NIE
52,35-50,M,OSIEDLE_MIEJ,Niski,TAK,0,NIE,NIE,NIE,NIE,NIE
53,35-50,M,OSIEDLE_MIEJ,Niski,TAK,1,NIE,TAK,TAK,NIE,TAK
54,35-50,M,PODMIEJSKI,Sredni,NIE,1,NIE,TAK,TAK,NIE,TAK
55,51-100,M,OSIEDLE_MIEJ,Wysoki,TAK,0,NIE,TAK,TAK,TAK,NIE
56,51-100,K,WIES,Wysoki,NIE,3,NIE,TAK,NIE,NIE,TAK
57,51-100,K,CENTRUM_MIASTA,Sredni,NIE,0,NIE,NIE,TAK,NIE,TAK
58,0-34,M,CENTRUM_MIASTA,Niski,TAK,0,NIE,TAK,TAK,NIE,TAK
59,0-34,K,CENTRUM_MIASTA,Niski,TAK,0,NIE,NIE,TAK,NIE,NIE
60,0-34,M,CENTRUM_MIASTA,Sredni,NIE,1,TAK,TAK,TAK,TAK,TAK
61,35-50,K,CENTRUM_MIASTA,Sredni,TAK,1,NIE,TAK,TAK,TAK,TAK
62,51-100,K,CENTRUM_MIASTA,Sredni,NIE,1,TAK,NIE,TAK,NIE,TAK
63,35-50,M,CENTRUM_MIASTA,Sredni,TAK,2,NIE,TAK,TAK,NIE,NIE
64,0-34,M,CENTRUM_MIASTA,Niski,TAK,0,NIE,TAK,NIE,NIE,NIE
65,0-34,M,OSIEDLE_MIEJ,Niski,NIE,0,TAK,TAK,TAK,TAK,NIE
66,35-50,M,CENTRUM_MIASTA,Niski,TAK,0,NIE,TAK,TAK,NIE,NIE
67,0-34,M,OSIEDLE_MIEJ,Niski,NIE,2,NIE,TAK,TAK,NIE,NIE
68,35-50,K,OSIEDLE_MIEJ,Sredni,NIE,0,NIE,TAK,TAK,TAK,NIE
69,0-34,M,OSIEDLE_MIEJ,Niski,NIE,2,NIE,TAK,TAK,NIE,NIE
70,0-34,K,WIES,Niski,TAK,2,NIE,NIE,TAK,NIE,TAK
71,0-34,M,CENTRUM_MIASTA,Niski,TAK,3,TAK,TAK,TAK,NIE,NIE
72,0-34,M,CENTRUM_MIASTA,Niski,NIE,0,NIE,NIE,TAK,NIE,TAK
73,35-50,M,CENTRUM_MIASTA,Sredni,TAK,3,TAK,TAK,TAK,TAK,TAK
74,51-100,K,CENTRUM_MIASTA,Niski,TAK,2,NIE,TAK,NIE,TAK,NIE
75,51-100,K,CENTRUM_MIASTA,Wysoki,NIE,2,TAK,TAK,TAK,NIE,TAK
76,51-100,K,WIES,Sredni,NIE,2,TAK,NIE,NIE,NIE,TAK
77,35-50,K,OSIEDLE_MIEJ,Sredni,NIE,0,NIE,TAK,TAK,TAK,NIE
78,51-100,M,CENTRUM_MIASTA,Wysoki,TAK,1,TAK,TAK,TAK,TAK,TAK
79,0-34,K,CENTRUM_MIASTA,Niski,TAK,0,TAK,NIE,TAK,NIE,NIE
80,51-100,K,OSIEDLE_MIEJ,Sredni,TAK,2,TAK,TAK,NIE,NIE,TAK
81,35-50,K,OSIEDLE_MIEJ,Niski,NIE,3,NIE,TAK,TAK,NIE,TAK
82,0-34,M,CENTRUM_MIASTA,Sredni,NIE,3,NIE,NIE,TAK,NIE,NIE
83,0-34,K,CENTRUM_MIASTA,Niski,TAK,1,NIE,TAK,TAK,NIE,NIE
84,35-50,M,CENTRUM_MIASTA,Niski,TAK,1,NIE,TAK,TAK,NIE,TAK
85,51-100,M,CENTRUM_MIASTA,Niski,TAK,0,NIE,NIE,TAK,TAK,TAK
86,35-50,M,CENTRUM_MIASTA,Sredni,TAK,1,TAK,TAK,TAK,NIE,TAK
87,0-34,K,CENTRUM_MIASTA,Niski,TAK,0,NIE,TAK,TAK,NIE,NIE
88,51-100,K,OSIEDLE_MIEJ,Niski,NIE,0,TAK,TAK,TAK,TAK,NIE
89,0-34,M,PODMIEJSKI,Niski,TAK,0,TAK,TAK,NIE,TAK,NIE
90,51-100,K,CENTRUM_MIASTA,Sredni,TAK,2,NIE,NIE,TAK,NIE,TAK
91,35-50,M,OSIEDLE_MIEJ,Sredni,TAK,1,TAK,NIE,TAK,TAK,TAK
92,0-34,K,CENTRUM_MIASTA,Sredni,NIE,2,NIE,TAK,TAK,TAK,NIE
93,51-100,K,WIES,Sredni,NIE,0,NIE,NIE,TAK,NIE,TAK
94,51-100,M,CENTRUM_MIASTA,Sredni,TAK,2,TAK,TAK,TAK,NIE,NIE
95,51-100,K,CENTRUM_MIASTA,Sredni,TAK,0,TAK,TAK,NIE,NIE,NIE
96,0-34,K,CENTRUM_MIASTA,Niski,TAK,0,NIE,TAK,TAK,NIE,NIE
97,0-34,M,CENTRUM_MIASTA,Niski,TAK,1,NIE,NIE,NIE,TAK,NIE
98,0-34,M,OSIEDLE_MIEJ,Sredni,TAK,2,TAK,TAK,TAK,TAK,TAK
99,35-50,K,CENTRUM_MIASTA,Niski,NIE,2,NIE,TAK,TAK,NIE,NIE
100,0-34,K,WIES,Niski,TAK,0,TAK,NIE,TAK,NIE,NIE
101,51-100,M,CENTRUM_MIASTA,Sredni,TAK,1,NIE,TAK,TAK,TAK,TAK
102,0-34,K,CENTRUM_MIASTA,Niski,TAK,2,TAK,TAK,TAK,NIE,NIE
103,35-50,M,CENTRUM_MIASTA,Niski,TAK,0,TAK,NIE,TAK,TAK,TAK
104,35-50,M,OSIEDLE_MIEJ,Sredni,NIE,0,NIE,TAK,TAK,TAK,NIE
105,51-100,K,CENTRUM_MIASTA,Sredni,TAK,1,NIE,TAK,TAK,NIE,TAK
106,35-50,M,OSIEDLE_MIEJ,Sredni,TAK,3,TAK,TAK,TAK,NIE,NIE
107,35-50,M,WIES,Wysoki,TAK,0,TAK,TAK,NIE,NIE,NIE
108,0-34,M,CENTRUM_MIASTA,Niski,TAK,0,NIE,NIE,TAK,NIE,NIE
109,0-34,M,CENTRUM_MIASTA,Niski,NIE,0,NIE,TAK,TAK,NIE,TAK
110,0-34,K,CENTRUM_MIASTA,Niski,TAK,2,TAK,TAK,TAK,TAK,NIE
111,35-50,M,OSIEDLE_MIEJ,Sredni,NIE,2,NIE,TAK,TAK,NIE,TAK
112,0-34,M,CENTRUM_MIASTA,Sredni,TAK,3,TAK,NIE,NIE,TAK,NIE
113,51-100,K,CENTRUM_MIASTA,Sredni,TAK,0,TAK,NIE,TAK,NIE,NIE
114,35-50,M,OSIEDLE_MIEJ,Sredni,NIE,2,TAK,TAK,TAK,NIE,TAK
115,51-100,M,CENTRUM_MIASTA,Sredni,TAK,1,TAK,TAK,TAK,NIE,TAK
116,51-100,K,CENTRUM_MIASTA,Wysoki,TAK,0,NIE,TAK,TAK,NIE,NIE
117,51-100,K,OSIEDLE_MIEJ,Niski,TAK,2,NIE,TAK,NIE,NIE,NIE
118,0-34,M,CENTRUM_MIASTA,Niski,TAK,3,NIE,TAK,TAK,TAK,NIE
119,35-50,M,OSIEDLE_MIEJ,Niski,NIE,0,TAK,NIE,NIE,NIE,TAK
120,51-100,K,WIES,Wysoki,TAK,3,TAK,TAK,TAK,NIE,TAK
121,35-50,M,WIES,Sredni,NIE,2,NIE,TAK,NIE,TAK,NIE
122,51-100,K,WIES,Wysoki,TAK,1,TAK,TAK,TAK,NIE,TAK
123,35-50,K,OSIEDLE_MIEJ,Niski,TAK,1,NIE,TAK,NIE,TAK,TAK
124,35-50,K,WIES,Sredni,NIE,1,NIE,TAK,TAK,NIE,TAK
125,35-50,M,WIES,Wysoki,NIE,3,TAK,TAK,NIE,NIE,TAK
126,35-50,M,CENTRUM_MIASTA,Sredni,TAK,2,NIE,NIE,TAK,NIE,TAK
127,35-50,K,OSIEDLE_MIEJ,Sredni,TAK,0,TAK,TAK,TAK,NIE,NIE
128,35-50,K,CENTRUM_MIASTA,Sredni,TAK,0,NIE,TAK,TAK,NIE,NIE
129,35-50,M,OSIEDLE_MIEJ,Niski,TAK,3,TAK,TAK,TAK,NIE,NIE
130,0-34,K,WIES,Niski,NIE,0,TAK,TAK,TAK,NIE,TAK
131,35-50,M,CENTRUM_MIASTA,Niski,NIE,2,NIE,NIE,TAK,NIE,NIE
132,51-100,M,WIES,Sredni,TAK,3,NIE,TAK,TAK,TAK,NIE
133,51-100,K,PODMIEJSKI,Niski,NIE,2,TAK,TAK,TAK,NIE,NIE
134,51-100,K,PODMIEJSKI,Sredni,TAK,0,TAK,NIE,TAK,NIE,NIE
135,51-100,K,OSIEDLE_MIEJ,Wysoki,TAK,2,TAK,TAK,TAK,TAK,TAK
136,51-100,K,OSIEDLE_MIEJ,Sredni,TAK,1,TAK,TAK,TAK,NIE,TAK
137,0-34,K,CENTRUM_MIASTA,Niski,TAK,2,TAK,NIE,TAK,TAK,NIE
138,51-100,K,CENTRUM_MIASTA,Sredni,NIE,0,NIE,TAK,TAK,NIE,TAK
139,51-100,K,WIES,Sredni,TAK,0,NIE,TAK,TAK,NIE,NIE
140,51-100,K,CENTRUM_MIASTA,Wysoki,NIE,1,NIE,TAK,TAK,NIE,TAK
141,51-100,M,CENTRUM_MIASTA,Sredni,TAK,3,NIE,TAK,TAK,NIE,NIE
142,35-50,K,CENTRUM_MIASTA,Niski,TAK,0,NIE,NIE,TAK,NIE,NIE
143,0-34,K,OSIEDLE_MIEJ,Niski,TAK,1,TAK,NIE,NIE,TAK,NIE
144,51-100,M,OSIEDLE_MIEJ,Wysoki,TAK,0,TAK,TAK,TAK,TAK,NIE
145,0-34,M,CENTRUM_MIASTA,Niski,TAK,1,NIE,TAK,TAK,NIE,TAK
146,51-100,M,PODMIEJSKI,Wysoki,TAK,0,NIE,TAK,NIE,TAK,TAK
147,0-34,M,OSIEDLE_MIEJ,Niski,TAK,2,TAK,NIE,TAK,NIE,NIE
148,0-34,K,CENTRUM_MIASTA,Niski,NIE,2,NIE,TAK,TAK,NIE,NIE
149,51-100,M,WIES,Sredni,TAK,0,TAK,TAK,NIE,NIE,NIE
150,0-34,K,PODMIEJSKI,Sredni,TAK,3,TAK,TAK,TAK,NIE,NIE
151,51-100,M,WIES,Sredni,TAK,1,TAK,TAK,TAK,NIE,TAK
152,35-50,M,OSIEDLE_MIEJ,Sredni,NIE,2,TAK,NIE,TAK,NIE,TAK
153,51-100,M,OSIEDLE_MIEJ,Wysoki,TAK,2,NIE,TAK,NIE,TAK,TAK
154,0-34,M,CENTRUM_MIASTA,Sredni,TAK,1,NIE,TAK,TAK,TAK,TAK
155,35-50,M,WIES,Niski,NIE,2,TAK,NIE,NIE,NIE,NIE
156,0-34,K,PODMIEJSKI,Niski,TAK,2,NIE,TAK,TAK,NIE,TAK
157,35-50,M,OSIEDLE_MIEJ,Sredni,TAK,0,TAK,TAK,TAK,NIE,NIE
158,0-34,M,WIES,Niski,TAK,2,TAK,TAK,TAK,NIE,NIE
159,51-100,K,OSIEDLE_MIEJ,Niski,TAK,0,NIE,NIE,TAK,NIE,TAK
160,35-50,K,OSIEDLE_MIEJ,Niski,TAK,1,NIE,TAK,TAK,NIE,TAK
161,0-34,M,CENTRUM_MIASTA,Niski,TAK,2,TAK,TAK,TAK,NIE,NIE
162,35-50,K,CENTRUM_MIASTA,Niski,TAK,0,NIE,NIE,NIE,NIE,NIE
163,35-50,K,OSIEDLE_MIEJ,Niski,NIE,3,NIE,NIE,TAK,NIE,NIE
164,0-34,K,OSIEDLE_MIEJ,Niski,NIE,1,TAK,NIE,TAK,NIE,NIE
165,35-50,K,CENTRUM_MIASTA,Sredni,TAK,0,NIE,NIE,NIE,NIE,NIE
166,0-34,M,WIES,Niski,TAK,1,NIE,NIE,TAK,TAK,TAK
167,0-34,M,OSIEDLE_MIEJ,Niski,NIE,1,NIE,TAK,TAK,TAK,NIE
168,0-34,M,CENTRUM_MIASTA,Niski,NIE,1,NIE,NIE,NIE,TAK,NIE
169,35-50,K,OSIEDLE_MIEJ,Sredni,NIE,0,TAK,TAK,TAK,NIE,NIE
170,51-100,M,CENTRUM_MIASTA,Sredni,TAK,0,NIE,NIE,TAK,NIE,NIE
171,51-100,M,CENTRUM_MIASTA,Wysoki,TAK,0,TAK,TAK,TAK,NIE,NIE
172,0-34,M,CENTRUM_MIASTA,Niski,TAK,2,NIE,NIE,TAK,NIE,NIE
173,35-50,M,CENTRUM_MIASTA,Niski,TAK,3,TAK,TAK,TAK,NIE,NIE
174,0-34,M,WIES,Sredni,TAK,1,TAK,TAK,TAK,NIE,TAK
175,51-100,K,OSIEDLE_MIEJ,Sredni,TAK,2,NIE,TAK,TAK,NIE,TAK
176,51-100,K,CENTRUM_MIASTA,Wysoki,NIE,0,NIE,TAK,TAK,NIE,TAK
177,35-50,M,OSIEDLE_MIEJ,Sredni,TAK,0,TAK,TAK,TAK,NIE,NIE
178,35-50,K,CENTRUM_MIASTA,Sredni,TAK,0,TAK,TAK,TAK,TAK,TAK
179,35-50,M,CENTRUM_MIASTA,Niski,TAK,0,NIE,NIE,NIE,NIE,TAK
180,51-100,M,CENTRUM_MIASTA,Sredni,TAK,2,NIE,NIE,TAK,NIE,TAK
181,0-34,K,CENTRUM_MIASTA,Niski,TAK,1,NIE,TAK,TAK,TAK,TAK
182,51-100,M,WIES,Wysoki,NIE,0,NIE,TAK,TAK,NIE,TAK
183,51-100,K,CENTRUM_MIASTA,Sredni,NIE,0,TAK,TAK,TAK,TAK,NIE
184,35-50,K,CENTRUM_MIASTA,Niski,TAK,2,TAK,TAK,TAK,TAK,NIE
185,35-50,K,CENTRUM_MIASTA,Sredni,NIE,0,TAK,TAK,NIE,TAK,NIE
186,35-50,M,WIES,Sredni,TAK,1,TAK,TAK,TAK,TAK,TAK
187,0-34,K,CENTRUM_MIASTA,Niski,TAK,0,NIE,NIE,NIE,TAK,TAK
188,35-50,K,OSIEDLE_MIEJ,Sredni,TAK,1,NIE,NIE,TAK,NIE,TAK
189,35-50,M,CENTRUM_MIASTA,Sredni,TAK,2,TAK,NIE,TAK,TAK,NIE
190,35-50,K,CENTRUM_MIASTA,Niski,TAK,0,NIE,NIE,TAK,NIE,NIE
191,51-100,K,PODMIEJSKI,Wysoki,TAK,2,TAK,TAK,TAK,NIE,TAK
192,35-50,M,CENTRUM_MIASTA,Niski,TAK,1,TAK,TAK,NIE,NIE,NIE
193,51-100,K,WIES,Wysoki,TAK,3,NIE,TAK,TAK,NIE,TAK
194,35-50,M,CENTRUM_MIASTA,Niski,TAK,0,TAK,NIE,TAK,TAK,TAK
195,51-100,M,PODMIEJSKI,Sredni,TAK,2,TAK,NIE,TAK,NIE,TAK
196,51-100,M,CENTRUM_MIASTA,Niski,TAK,1,NIE,TAK,NIE,TAK,TAK
197,0-34,K,CENTRUM_MIASTA,Niski,NIE,0,NIE,NIE,TAK,TAK,TAK
198,51-100,M,CENTRUM_MIASTA,Wysoki,TAK,2,TAK,TAK,TAK,NIE,TAK
199,0-34,M,CENTRUM_MIASTA,Niski,NIE,2,NIE,NIE,TAK,TAK,NIE
200,0-34,K,CENTRUM_MIASTA,Niski,TAK,0,NIE,TAK,TAK,NIE,TAK
201,35-50,M,OSIEDLE_MIEJ,Sredni,TAK,1,TAK,TAK,TAK,NIE,TAK
202,35-50,K,OSIEDLE_MIEJ,Sredni,TAK,0,NIE,TAK,TAK,TAK,NIE
203,51-100,M,CENTRUM_MIASTA,Niski,TAK,0,NIE,NIE,TAK,NIE,NIE
204,35-50,M,CENTRUM_MIASTA,Niski,NIE,3,TAK,NIE,TAK,NIE,NIE
205,0-34,M,CENTRUM_MIASTA,Niski,TAK,1,NIE,TAK,TAK,TAK,TAK
206,0-34,M,CENTRUM_MIASTA,Niski,NIE,0,TAK,NIE,TAK,TAK,TAK
207,51-100,M,CENTRUM_MIASTA,Wysoki,NIE,0,TAK,TAK,TAK,NIE,TAK
208,0-34,K,CENTRUM_MIASTA,Niski,TAK,0,NIE,TAK,TAK,TAK,NIE
209,51-100,M,CENTRUM_MIASTA,Sredni,TAK,0,TAK,TAK,TAK,NIE,NIE
210,0-34,M,CENTRUM_MIASTA,Niski,NIE,0,NIE,TAK,NIE,NIE,TAK
211,51-100,M,CENTRUM_MIASTA,Sredni,NIE,0,TAK,NIE,NIE,NIE,TAK
212,51-100,M,OSIEDLE_MIEJ,Sredni,TAK,1,TAK,TAK,TAK,NIE,TAK
213,0-34,M,CENTRUM_MIASTA,Niski,TAK,0,TAK,TAK,TAK,NIE,TAK
214,0-34,M,OSIEDLE_MIEJ,Niski,NIE,1,NIE,NIE,TAK,NIE,TAK
215,0-34,M,CENTRUM_MIASTA,Niski,TAK,0,NIE,TAK,TAK,NIE,NIE
216,0-34,M,PODMIEJSKI,Niski,TAK,0,NIE,TAK,TAK,NIE,NIE
217,0-34,K,PODMIEJSKI,Niski,TAK,0,TAK,NIE,TAK,NIE,NIE
218,35-50,K,CENTRUM_MIASTA,Sredni,TAK,3,TAK,TAK,TAK,TAK,NIE
219,35-50,M,OSIEDLE_MIEJ,Sredni,NIE,0,TAK,TAK,NIE,NIE,TAK
220,35-50,K,CENTRUM_MIASTA,Sredni,TAK,0,TAK,TAK,TAK,NIE,NIE
221,35-50,K,CENTRUM_MIASTA,Sredni,NIE,2,TAK,NIE,NIE,NIE,NIE
222,35-50,M,CENTRUM_MIASTA,Sredni,TAK,2,NIE,TAK,TAK,NIE,TAK
223,35-50,K,CENTRUM_MIASTA,Sredni,TAK,1,NIE,TAK,TAK,NIE,TAK
224,51-100,K,CENTRUM_MIASTA,Sredni,TAK,0,NIE,TAK,TAK,TAK,NIE
225,51-100,M,WIES,Wysoki,TAK,3,NIE,TAK,TAK,NIE,TAK
226,35-50,K,WIES,Sredni,NIE,0,TAK,TAK,TAK,NIE,TAK
227,51-100,M,CENTRUM_MIASTA,Wysoki,TAK,2,TAK,TAK,TAK,NIE,TAK
228,51-100,M,OSIEDLE_MIEJ,Sredni,NIE,0,NIE,TAK,TAK,NIE,TAK
229,35-50,M,WIES,Sredni,NIE,0,TAK,NIE,TAK,TAK,TAK
230,0-34,M,CENTRUM_MIASTA,Niski,NIE,0,TAK,NIE,NIE,NIE,TAK
231,51-100,K,CENTRUM_MIASTA,Sredni,TAK,0,TAK,NIE,TAK,TAK,TAK
232,0-34,M,CENTRUM_MIASTA,Sredni,NIE,1,NIE,NIE,TAK,TAK,NIE
233,0-34,M,PODMIEJSKI,Niski,TAK,0,NIE,NIE,TAK,TAK,TAK
234,0-34,K,OSIEDLE_MIEJ,Sredni,TAK,0,TAK,TAK,TAK,NIE,NIE
235,51-100,K,WIES,Sredni,NIE,3,NIE,TAK,NIE,NIE,NIE
236,35-50,K,CENTRUM_MIASTA,Niski,NIE,1,NIE,TAK,TAK,TAK,TAK
237,51-100,M,OSIEDLE_MIEJ,Wysoki,NIE,2,TAK,TAK,TAK,NIE,TAK
238,0-34,K,CENTRUM_MIASTA,Niski,TAK,2,NIE,TAK,TAK,TAK,NIE
239,0-34,K,WIES,Niski,TAK,2,NIE,TAK,NIE,NIE,NIE
240,0-34,M,CENTRUM_MIASTA,Niski,TAK,0,TAK,TAK,TAK,NIE,NIE
241,0-34,K,WIES,Niski,TAK,2,TAK,NIE,NIE,NIE,NIE
242,51-100,K,CENTRUM_MIASTA,Wysoki,NIE,0,TAK,TAK,TAK,NIE,TAK
243,51-100,M,CENTRUM_MIASTA,Sredni,TAK,1,TAK,TAK,TAK,NIE,TAK
244,0-34,K,CENTRUM_MIASTA,Niski,TAK,0,TAK,TAK,TAK,NIE,NIE
245,35-50,M,WIES,Sredni,TAK,2,TAK,TAK,NIE,NIE,NIE
246,35-50,M,PODMIEJSKI,Sredni,NIE,0,TAK,TAK,TAK,TAK,NIE
247,0-34,K,CENTRUM_MIASTA,Niski,NIE,3,TAK,NIE,NIE,NIE,NIE
248,0-34,M,WIES,Niski,TAK,0,NIE,NIE,TAK,NIE,NIE
249,35-50,M,OSIEDLE_MIEJ,Niski,TAK,3,NIE,TAK,TAK,NIE,NIE
250,35-50,M,OSIEDLE_MIEJ,Niski,TAK,3,TAK,NIE,TAK,NIE,NIE
251,51-100,M,CENTRUM_MIASTA,Wysoki,NIE,0,NIE,TAK,TAK,TAK,NIE
252,35-50,K,OSIEDLE_MIEJ,Sredni,TAK,1,TAK,TAK,TAK,TAK,TAK
253,0-34,M,CENTRUM_MIASTA,Niski,TAK,2,NIE,NIE,TAK,TAK,NIE
254,35-50,K,OSIEDLE_MIEJ,Niski,TAK,1,NIE,NIE,NIE,NIE,TAK
255,0-34,K,WIES,Niski,NIE,3,NIE,TAK,TAK,TAK,NIE
256,51-100,K,CENTRUM_MIASTA,Niski,NIE,0,TAK,NIE,TAK,NIE,TAK
257,35-50,K,PODMIEJSKI,Sredni,NIE,2,NIE,TAK,TAK,NIE,NIE
258,0-34,K,OSIEDLE_MIEJ,Niski,TAK,2,NIE,NIE,TAK,TAK,NIE
259,35-50,K,OSIEDLE_MIEJ,Niski,NIE,3,NIE,NIE,TAK,TAK,NIE
260,35-50,M,OSIEDLE_MIEJ,Niski,NIE,0,NIE,NIE,NIE,NIE,NIE
261,0-34,M,PODMIEJSKI,Niski,TAK,0,NIE,TAK,TAK,NIE,NIE
262,35-50,K,OSIEDLE_MIEJ,Sredni,TAK,1,NIE,TAK,TAK,TAK,TAK
263,35-50,K,OSIEDLE_MIEJ,Niski,TAK,0,NIE,NIE,TAK,NIE,NIE
264,51-100,K,CENTRUM_MIASTA,Wysoki,TAK,0,TAK,TAK,TAK,TAK,NIE
265,0-34,M,CENTRUM_MIASTA,Niski,NIE,0,TAK,TAK,NIE,NIE,TAK
266,0-34,M,CENTRUM_MIASTA,Niski,TAK,1,TAK,NIE,NIE,NIE,TAK
267,51-100,M,OSIEDLE_MIEJ,Sredni,NIE,0,TAK,TAK,TAK,NIE,TAK
268,35-50,K,PODMIEJSKI,Sredni,NIE,0,NIE,TAK,TAK,NIE,TAK
269,51-100,K,OSIEDLE_MIEJ,Sredni,TAK,0,TAK,NIE,TAK,NIE,NIE
270,0-34,M,OSIEDLE_MIEJ,Niski,NIE,3,TAK,NIE,TAK,TAK,NIE
271,51-100,K,PODMIEJSKI,Wysoki,NIE,2,NIE,TAK,TAK,TAK,TAK
272,51-100,K,CENTRUM_MIASTA,Wysoki,NIE,0,TAK,TAK,TAK,NIE,TAK
273,35-50,M,OSIEDLE_MIEJ,Niski,TAK,0,NIE,TAK,TAK,NIE,NIE
274,0-34,M,CENTRUM_MIASTA,Sredni,TAK,1,TAK,NIE,TAK,NIE,TAK
275,35-50,K,CENTRUM_MIASTA,Sredni,TAK,0,TAK,TAK,TAK,NIE,NIE
276,0-34,M,WIES,Niski,TAK,0,TAK,NIE,TAK,TAK,TAK
277,35-50,K,PODMIEJSKI,Sredni,NIE,1,NIE,TAK,TAK,TAK,TAK
278,0-34,M,OSIEDLE_MIEJ,Niski,TAK,1,TAK,TAK,TAK,NIE,TAK
279,51-100,K,WIES,Sredni,NIE,0,NIE,TAK,NIE,TAK,NIE
280,35-50,M,OSIEDLE_MIEJ,Sredni,TAK,1,NIE,NIE,TAK,TAK,TAK
281,0-34,M,CENTRUM_MIASTA,Niski,TAK,1,NIE,NIE,NIE,NIE,TAK
282,0-34,K,CENTRUM_MIASTA,Niski,TAK,0,NIE,TAK,TAK,NIE,NIE
283,51-100,M,CENTRUM_MIASTA,Wysoki,TAK,1,TAK,TAK,NIE,NIE,TAK
284,35-50,K,CENTRUM_MIASTA,Sredni,TAK,3,NIE,TAK,TAK,TAK,NIE
285,0-34,K,CENTRUM_MIASTA,Niski,TAK,3,NIE,TAK,TAK,NIE,NIE
286,0-34,M,OSIEDLE_MIEJ,Niski,TAK,0,NIE,NIE,NIE,NIE,NIE
287,35-50,M,CENTRUM_MIASTA,Sredni,TAK,1,TAK,TAK,TAK,TAK,TAK
288,51-100,K,CENTRUM_MIASTA,Sredni,TAK,3,NIE,NIE,TAK,NIE,NIE
289,0-34,M,CENTRUM_MIASTA,Niski,TAK,1,NIE,TAK,NIE,NIE,NIE
290,51-100,K,WIES,Sredni,TAK,1,TAK,TAK,TAK,NIE,TAK
291,0-34,M,CENTRUM_MIASTA,Niski,NIE,0,NIE,TAK,TAK,NIE,TAK
292,35-50,K,CENTRUM_MIASTA,Sredni,NIE,0,TAK,TAK,NIE,NIE,TAK
293,51-100,M,WIES,Wysoki,TAK,2,TAK,TAK,TAK,TAK,TAK
294,0-34,K,OSIEDLE_MIEJ,Niski,TAK,0,NIE,TAK,TAK,NIE,NIE
295,35-50,M,OSIEDLE_MIEJ,Niski,TAK,0,NIE,TAK,NIE,TAK,NIE
296,0-34,M,OSIEDLE_MIEJ,Sredni,TAK,0,TAK,TAK,TAK,TAK,NIE
297,51-100,K,WIES,Sredni,NIE,2,TAK,TAK,TAK,TAK,NIE
298,0-34,M,WIES,Niski,TAK,2,NIE,NIE,NIE,NIE,NIE
299,35-50,K,CENTRUM_MIASTA,Niski,NIE,2,TAK,NIE,TAK,NIE,NIE
300,0-34,K,CENTRUM_MIASTA,Niski,TAK,0,NIE,TAK,TAK,NIE,NIE
301,0-34,K,CENTRUM_MIASTA,Niski,TAK,1,TAK,TAK,TAK,TAK,NIE
302,35-50,K,OSIEDLE_MIEJ,Niski,TAK,0,NIE,TAK,NIE,NIE,NIE
303,35-50,K,OSIEDLE_MIEJ,Sredni,TAK,0,NIE,TAK,NIE,NIE,NIE
304,35-50,M,WIES,Sredni,TAK,3,NIE,TAK,TAK,TAK,NIE
305,51-100,K,WIES,Wysoki,NIE,3,NIE,TAK,TAK,NIE,TAK
306,35-50,K,WIES,Niski,TAK,0,NIE,NIE,TAK,NIE,NIE
307,51-100,M,CENTRUM_MIASTA,Wysoki,NIE,2,TAK,TAK,TAK,NIE,TAK
308,35-50,M,WIES,Sredni,NIE,0,TAK,TAK,TAK,NIE,TAK
309,35-50,M,OSIEDLE_MIEJ,Sredni,NIE,2,TAK,TAK,TAK,NIE,NIE
310,0-34,K,CENTRUM_MIASTA,Niski,NIE,1,NIE,TAK,TAK,NIE,NIE
311,35-50,M,OSIEDLE_MIEJ,Sredni,TAK,0,NIE,TAK,TAK,NIE,NIE
312,51-100,M,CENTRUM_MIASTA,Sredni,NIE,1,NIE,TAK,TAK,NIE,TAK
313,51-100,K,OSIEDLE_MIEJ,Sredni,NIE,2,TAK,NIE,TAK,NIE,TAK
314,0-34,K,WIES,Niski,NIE,2,TAK,TAK,TAK,NIE,NIE
315,51-100,K,OSIEDLE_MIEJ,Niski,TAK,0,TAK,TAK,NIE,NIE,NIE
316,35-50,M,WIES,Sredni,NIE,0,TAK,TAK,TAK,TAK,NIE
317,51-100,M,CENTRUM_MIASTA,Niski,NIE,2,TAK,TAK,TAK,NIE,NIE
318,35-50,K,OSIEDLE_MIEJ,Sredni,NIE,1,NIE,TAK,TAK,TAK,TAK
319,0-34,K,CENTRUM_MIASTA,Niski,NIE,2,NIE,TAK,NIE,NIE,NIE
320,35-50,M,PODMIEJSKI,Niski,NIE,0,TAK,TAK,TAK,TAK,NIE
321,51-100,M,CENTRUM_MIASTA,Sredni,NIE,2,TAK,TAK,TAK,NIE,TAK
322,35-50,M,WIES,Niski,TAK,0,TAK,NIE,NIE,TAK,TAK
323,0-34,K,OSIEDLE_MIEJ,Niski,TAK,1,TAK,TAK,NIE,TAK,NIE
324,0-34,M,OSIEDLE_MIEJ,Niski,NIE,0,NIE,TAK,TAK,NIE,TAK
325,35-50,M,PODMIEJSKI,Sredni,TAK,0,NIE,TAK,TAK,NIE,NIE
326,0-34,K,OSIEDLE_MIEJ,Niski,NIE,0,NIE,NIE,TAK,NIE,TAK
327,35-50,M,CENTRUM_MIASTA,Sredni,TAK,1,NIE,TAK,NIE,TAK,TAK
328,0-34,M,CENTRUM_MIASTA,Niski,TAK,0,NIE,NIE,TAK,TAK,TAK
329,51-100,K,WIES,Wysoki,NIE,1,NIE,TAK,NIE,TAK,TAK
330,0-34,K,OSIEDLE_MIEJ,Niski,TAK,3,NIE,NIE,TAK,NIE,NIE
331,51-100,K,WIES,Wysoki,TAK,3,TAK,TAK,TAK,NIE,TAK
332,0-34,K,CENTRUM_MIASTA,Niski,TAK,2,NIE,TAK,TAK,TAK,NIE
333,0-34,K,OSIEDLE_MIEJ,Sredni,TAK,0,NIE,TAK,NIE,NIE,NIE
334,35-50,M,PODMIEJSKI,Niski,TAK,2,NIE,TAK,TAK,NIE,NIE
335,0-34,K,PODMIEJSKI,Niski,TAK,1,NIE,NIE,TAK,NIE,TAK
336,35-50,M,OSIEDLE_MIEJ,Sredni,TAK,1,NIE,TAK,NIE,TAK,TAK
337,35-50,M,CENTRUM_MIASTA,Sredni,TAK,2,NIE,NIE,NIE,TAK,NIE
338,51-100,M,CENTRUM_MIASTA,Sredni,TAK,1,TAK,TAK,NIE,TAK,NIE
339,51-100,M,PODMIEJSKI,Sredni,TAK,2,TAK,TAK,TAK,TAK,TAK
340,0-34,M,CENTRUM_MIASTA,Niski,TAK,0,NIE,NIE,TAK,TAK,TAK
341,35-50,K,PODMIEJSKI,Sredni,TAK,0,NIE,TAK,TAK,NIE,NIE
342,51-100,M,WIES,Wysoki,TAK,1,TAK,TAK,NIE,NIE,TAK
343,51-100,M,CENTRUM_MIASTA,Wysoki,TAK,0,TAK,TAK,TAK,NIE,NIE
344,51-100,K,CENTRUM_MIASTA,Niski,TAK,0,NIE,TAK,TAK,NIE,NIE
345,0-34,M,WIES,Niski,TAK,2,TAK,TAK,TAK,NIE,NIE
346,51-100,K,OSIEDLE_MIEJ,Sredni,TAK,1,NIE,TAK,TAK,NIE,TAK
347,35-50,M,WIES,Sredni,TAK,0,TAK,TAK,NIE,TAK,NIE
348,51-100,K,CENTRUM_MIASTA,Wysoki,TAK,0,NIE,TAK,NIE,NIE,NIE
349,51-100,M,CENTRUM_MIASTA,Sredni,TAK,0,NIE,TAK,NIE,TAK,NIE
350,51-100,K,CENTRUM_MIASTA,Niski,NIE,1,NIE,NIE,TAK,NIE,TAK
351,0-34,K,CENTRUM_MIASTA,Sredni,NIE,0,TAK,NIE,TAK,TAK,TAK
352,35-50,M,OSIEDLE_MIEJ,Sredni,TAK,0,NIE,TAK,TAK,TAK,NIE
353,51-100,K,WIES,Sredni,NIE,1,NIE,TAK,TAK,TAK,NIE
354,35-50,M,OSIEDLE_MIEJ,Sredni,NIE,1,TAK,TAK,TAK,NIE,TAK
355,35-50,K,PODMIEJSKI,Sredni,TAK,0,TAK,NIE,TAK,TAK,TAK
356,51-100,K,WIES,Wysoki,TAK,2,NIE,TAK,TAK,TAK,TAK
357,35-50,K,PODMIEJSKI,Niski,TAK,0,NIE,NIE,TAK,NIE,NIE
358,0-34,M,WIES,Niski,NIE,0,NIE,TAK,TAK,NIE,TAK
359,51-100,K,CENTRUM_MIASTA,Sredni,NIE,3,TAK,NIE,TAK,NIE,NIE
360,51-100,K,CENTRUM_MIASTA,Niski,TAK,1,TAK,TAK,NIE,NIE,TAK
361,51-100,K,OSIEDLE_MIEJ,Wysoki,NIE,2,TAK,TAK,TAK,NIE,TAK
362,51-100,M,OSIEDLE_MIEJ,Niski,TAK,3,NIE,TAK,TAK,TAK,NIE
363,51-100,M,OSIEDLE_MIEJ,Sredni,TAK,2,NIE,NIE,TAK,NIE,NIE
364,0-34,K,OSIEDLE_MIEJ,Niski,TAK,0,NIE,TAK,TAK,NIE,NIE
365,51-100,K,OSIEDLE_MIEJ,Wysoki,TAK,1,TAK,TAK,NIE,NIE,TAK
366,0-34,M,CENTRUM_MIASTA,Niski,TAK,2,TAK,TAK,NIE,NIE,TAK
367,51-100,K,CENTRUM_MIASTA,Sredni,NIE,1,TAK,NIE,TAK,NIE,TAK
368,51-100,M,CENTRUM_MIASTA,Wysoki,TAK,0,TAK,TAK,TAK,TAK,NIE
369,0-34,M,OSIEDLE_MIEJ,Niski,TAK,0,NIE,TAK,TAK,TAK,NIE
370,51-100,M,CENTRUM_MIASTA,Sredni,TAK,3,NIE,TAK,NIE,TAK,NIE
371,51-100,M,CENTRUM_MIASTA,Wysoki,TAK,0,NIE,TAK,TAK,NIE,NIE
372,35-50,K,CENTRUM_MIASTA,Sredni,NIE,2,NIE,TAK,TAK,NIE,TAK
373,0-34,K,CENTRUM_MIASTA,Niski,NIE,0,NIE,NIE,NIE,NIE,TAK
374,51-100,K,CENTRUM_MIASTA,Sredni,TAK,0,NIE,NIE,TAK,NIE,NIE
375,51-100,K,PODMIEJSKI,Wysoki,TAK,2,NIE,TAK,TAK,NIE,TAK
376,35-50,M,CENTRUM_MIASTA,Niski,TAK,0,TAK,TAK,TAK,NIE,NIE
377,51-100,K,OSIEDLE_MIEJ,Sredni,NIE,1,NIE,NIE,NIE,TAK,TAK
378,35-50,M,CENTRUM_MIASTA,Sredni,NIE,2,NIE,NIE,TAK,NIE,NIE
379,0-34,M,PODMIEJSKI,Niski,TAK,0,NIE,NIE,TAK,TAK,TAK
380,0-34,K,CENTRUM_MIASTA,Niski,TAK,3,NIE,NIE,TAK,NIE,NIE
381,51-100,K,OSIEDLE_MIEJ,Sredni,NIE,0,TAK,TAK,TAK,NIE,TAK
382,35-50,K,CENTRUM_MIASTA,Sredni,TAK,2,TAK,TAK,TAK,NIE,NIE
383,0-34,M,CENTRUM_MIASTA,Niski,TAK,1,NIE,NIE,TAK,NIE,NIE
384,35-50,K,OSIEDLE_MIEJ,Sredni,TAK,1,TAK,TAK,TAK,NIE,TAK
385,35-50,K,OSIEDLE_MIEJ,Sredni,TAK,0,NIE,NIE,TAK,NIE,NIE
386,51-100,K,CENTRUM_MIASTA,Sredni,NIE,3,TAK,NIE,TAK,TAK,NIE
387,35-50,M,CENTRUM_MIASTA,Niski,NIE,0,NIE,NIE,TAK,NIE,NIE
388,51-100,M,CENTRUM_MIASTA,Sredni,NIE,1,TAK,NIE,NIE,NIE,TAK
389,0-34,M,CENTRUM_MIASTA,Niski,NIE,0,TAK,NIE,TAK,NIE,TAK
390,35-50,K,CENTRUM_MIASTA,Niski,TAK,0,NIE,TAK,NIE,NIE,NIE
391,51-100,K,CENTRUM_MIASTA,Wysoki,TAK,0,NIE,TAK,TAK,NIE,NIE
392,35-50,M,OSIEDLE_MIEJ,Niski,NIE,0,TAK,NIE,TAK,NIE,TAK
393,51-100,K,OSIEDLE_MIEJ,Sredni,TAK,3,TAK,TAK,NIE,NIE,NIE
394,51-100,K,CENTRUM_MIASTA,Niski,TAK,2,TAK,TAK,NIE,TAK,NIE
395,51-100,K,PODMIEJSKI,Sredni,NIE,0,TAK,NIE,NIE,TAK,TAK
396,51-100,K,OSIEDLE_MIEJ,Niski,TAK,3,TAK,NIE,NIE,TAK,NIE
397,35-50,M,WIES,Sredni,TAK,0,TAK,TAK,NIE,NIE,NIE
398,35-50,M,CENTRUM_MIASTA,Sredni,TAK,2,NIE,TAK,TAK,NIE,TAK
399,51-100,K,CENTRUM_MIASTA,Wysoki,NIE,1,NIE,TAK,TAK,NIE,TAK
400,35-50,M,OSIEDLE_MIEJ,Sredni,TAK,0,TAK,TAK,NIE,TAK,NIE
401,0-34,K,WIES,Niski,NIE,0,NIE,NIE,TAK,TAK,TAK
402,0-34,M,WIES,Niski,NIE,3,TAK,NIE,NIE,TAK,NIE
403,35-50,M,CENTRUM_MIASTA,Sredni,TAK,0,TAK,NIE,TAK,NIE,NIE
404,35-50,M,CENTRUM_MIASTA,Niski,NIE,0,NIE,NIE,NIE,TAK,TAK
405,0-34,K,CENTRUM_MIASTA,Niski,TAK,3,NIE,TAK,TAK,NIE,TAK
406,35-50,M,PODMIEJSKI,Sredni,TAK,3,TAK,TAK,TAK,NIE,TAK
407,51-100,M,PODMIEJSKI,Wysoki,NIE,1,NIE,TAK,TAK,NIE,TAK
408,0-34,M,PODMIEJSKI,Niski,NIE,0,NIE,TAK,TAK,NIE,TAK
409,35-50,K,PODMIEJSKI,Niski,TAK,1,TAK,NIE,NIE,NIE,TAK
410,0-34,M,PODMIEJSKI,Niski,TAK,2,NIE,TAK,NIE,NIE,NIE
411,0-34,K,CENTRUM_MIASTA,Niski,NIE,1,TAK,NIE,TAK,TAK,TAK
412,0-34,M,CENTRUM_MIASTA,Niski,NIE,0,TAK,TAK,TAK,TAK,NIE
413,51-100,K,CENTRUM_MIASTA,Wysoki,NIE,2,TAK,TAK,TAK,NIE,TAK
414,0-34,K,CENTRUM_MIASTA,Niski,TAK,0,TAK,NIE,TAK,NIE,TAK
415,51-100,K,PODMIEJSKI,Wysoki,TAK,0,NIE,TAK,TAK,NIE,NIE
416,0-34,M,WIES,Niski,TAK,0,NIE,TAK,TAK,TAK,NIE
417,35-50,M,CENTRUM_MIASTA,Niski,NIE,1,NIE,TAK,NIE,TAK,NIE
418,0-34,M,WIES,Niski,TAK,1,TAK,NIE,NIE,NIE,TAK
419,0-34,K,OSIEDLE_MIEJ,Sredni,TAK,2,TAK,TAK,NIE,NIE,TAK
420,51-100,M,OSIEDLE_MIEJ,Niski,TAK,0,NIE,TAK,TAK,TAK,NIE
421,51-100,M,CENTRUM_MIASTA,Wysoki,TAK,0,TAK,TAK,TAK,TAK,NIE
422,35-50,M,CENTRUM_MIASTA,Sredni,NIE,1,NIE,TAK,NIE,NIE,TAK
423,0-34,M,CENTRUM_MIASTA,Niski,TAK,1,TAK,NIE,TAK,NIE,NIE
424,51-100,K,CENTRUM_MIASTA,Wysoki,TAK,0,TAK,TAK,TAK,NIE,NIE
425,0-34,M,OSIEDLE_MIEJ,Niski,NIE,1,TAK,NIE,TAK,NIE,TAK
426,35-50,K,WIES,Sredni,TAK,0,NIE,TAK,TAK,NIE,NIE
427,51-100,K,OSIEDLE_MIEJ,Sredni,TAK,3,NIE,TAK,NIE,NIE,NIE
428,51-100,K,CENTRUM_MIASTA,Sredni,TAK,2,TAK,NIE,NIE,NIE,TAK
429,0-34,K,CENTRUM_MIASTA,Niski,TAK,1,TAK,NIE,TAK,TAK,TAK
430,35-50,M,WIES,Sredni,NIE,2,NIE,TAK,TAK,TAK,NIE
431,35-50,M,OSIEDLE_MIEJ,Sredni,TAK,0,NIE,TAK,NIE,TAK,NIE
432,51-100,K,OSIEDLE_MIEJ,Wysoki,TAK,1,TAK,TAK,TAK,NIE,TAK
433,35-50,M,OSIEDLE_MIEJ,Niski,NIE,0,TAK,TAK,TAK,TAK,NIE
434,35-50,K,WIES,Sredni,TAK,0,NIE,NIE,TAK,TAK,TAK
435,35-50,M,CENTRUM_MIASTA,Niski,TAK,0,TAK,TAK,NIE,NIE,NIE
436,0-34,M,OSIEDLE_MIEJ,Niski,NIE,2,TAK,TAK,TAK,TAK,NIE
437,35-50,M,CENTRUM_MIASTA,Niski,TAK,0,TAK,NIE,NIE,TAK,TAK
438,51-100,K,CENTRUM_MIASTA,Sredni,NIE,1,TAK,TAK,NIE,TAK,TAK
439,0-34,K,PODMIEJSKI,Niski,TAK,1,NIE,NIE,TAK,NIE,NIE
440,0-34,M,CENTRUM_MIASTA,Niski,TAK,1,TAK,NIE,TAK,NIE,NIE
441,35-50,M,CENTRUM_MIASTA,Sredni,TAK,1,NIE,TAK,NIE,TAK,TAK
442,35-50,M,CENTRUM_MIASTA,Wysoki,TAK,0,TAK,TAK,TAK,NIE,NIE
443,35-50,K,WIES,Sredni,TAK,0,TAK,TAK,TAK,NIE,NIE
444,35-50,M,OSIEDLE_MIEJ,Sredni,NIE,0,TAK,NIE,TAK,TAK,TAK
445,0-34,K,WIES,Niski,TAK,0,NIE,TAK,TAK,NIE,TAK
446,35-50,M,WIES,Sredni,TAK,0,TAK,TAK,TAK,NIE,NIE
447,51-100,K,OSIEDLE_MIEJ,Sredni,TAK,0,NIE,TAK,TAK,NIE,NIE
448,35-50,K,OSIEDLE_MIEJ,Sredni,TAK,2,NIE,NIE,TAK,NIE,TAK
449,51-100,M,WIES,Wysoki,TAK,3,TAK,TAK,NIE,NIE,TAK
450,35-50,K,WIES,Sredni,NIE,0,TAK,TAK,TAK,NIE,TAK
451,35-50,M,CENTRUM_MIASTA,Sredni,TAK,3,TAK,NIE,NIE,NIE,NIE
452,35-50,M,OSIEDLE_MIEJ,Sredni,NIE,0,TAK,TAK,NIE,TAK,NIE
453,51-100,K,CENTRUM_MIASTA,Sredni,NIE,0,NIE,NIE,TAK,NIE,TAK
454,51-100,K,WIES,Wysoki,NIE,0,TAK,TAK,TAK,TAK,NIE
455,0-34,M,CENTRUM_MIASTA,Niski,NIE,0,NIE,TAK,TAK,TAK,NIE
456,0-34,K,CENTRUM_MIASTA,Niski,TAK,0,TAK,TAK,TAK,NIE,NIE
457,0-34,K,OSIEDLE_MIEJ,Niski,TAK,0,TAK,TAK,TAK,TAK,NIE
458,51-100,K,CENTRUM_MIASTA,Wysoki,TAK,0,NIE,TAK,TAK,NIE,NIE
459,0-34,M,PODMIEJSKI,Niski,NIE,1,NIE,TAK,TAK,NIE,NIE
460,51-100,M,OSIEDLE_MIEJ,Wysoki,TAK,1,NIE,TAK,TAK,NIE,TAK
461,35-50,M,CENTRUM_MIASTA,Niski,TAK,0,TAK,NIE,TAK,TAK,TAK
462,51-100,K,PODMIEJSKI,Sredni,TAK,0,TAK,TAK,NIE,TAK,NIE
463,0-34,K,CENTRUM_MIASTA,Niski,TAK,0,TAK,NIE,TAK,TAK,TAK
464,0-34,K,WIES,Niski,TAK,2,TAK,NIE,TAK,NIE,NIE
465,0-34,M,OSIEDLE_MIEJ,Niski,NIE,0,TAK,TAK,TAK,NIE,TAK
466,51-100,K,OSIEDLE_MIEJ,Sredni,TAK,2,TAK,TAK,TAK,TAK,NIE
467,35-50,M,CENTRUM_MIASTA,Niski,TAK,0,NIE,NIE,TAK,NIE,NIE
468,0-34,K,PODMIEJSKI,Niski,NIE,3,NIE,TAK,TAK,NIE,TAK
469,35-50,M,PODMIEJSKI,Niski,TAK,0,NIE,NIE,TAK,NIE,TAK
470,51-100,M,OSIEDLE_MIEJ,Sredni,NIE,3,TAK,TAK,TAK,NIE,NIE
471,51-100,K,CENTRUM_MIASTA,Sredni,TAK,0,NIE,TAK,TAK,TAK,NIE
472,51-100,K,CENTRUM_MIASTA,Sredni,TAK,0,TAK,TAK,TAK,NIE,NIE
473,51-100,M,CENTRUM_MIASTA,Niski,TAK,2,TAK,TAK,NIE,NIE,NIE
474,35-50,K,OSIEDLE_MIEJ,Sredni,NIE,0,NIE,TAK,TAK,NIE,TAK
475,0-34,K,OSIEDLE_MIEJ,Niski,NIE,1,TAK,TAK,TAK,TAK,TAK
476,0-34,K,OSIEDLE_MIEJ,Niski,TAK,2,NIE,TAK,TAK,TAK,NIE
477,35-50,M,WIES,Sredni,NIE,1,NIE,NIE,TAK,NIE,TAK
478,35-50,M,CENTRUM_MIASTA,Sredni,TAK,0,NIE,TAK,TAK,TAK,NIE
479,35-50,M,OSIEDLE_MIEJ,Niski,TAK,2,NIE,TAK,TAK,TAK,NIE
480,35-50,M,OSIEDLE_MIEJ,Sredni,NIE,1,TAK,TAK,TAK,NIE,TAK
481,0-34,M,WIES,Niski,TAK,2,NIE,NIE,TAK,TAK,NIE
482,35-50,M,CENTRUM_MIASTA,Wysoki,NIE,2,TAK,TAK,TAK,NIE,TAK
483,35-50,M,WIES,Sredni,NIE,0,NIE,TAK,TAK,TAK,NIE
484,0-34,M,WIES,Niski,TAK,0,TAK,TAK,NIE,NIE,NIE
485,0-34,K,CENTRUM_MIASTA,Niski,TAK,1,TAK,TAK,TAK,NIE,TAK
486,51-100,K,CENTRUM_MIASTA,Wysoki,TAK,0,TAK,TAK,TAK,TAK,NIE
487,35-50,K,OSIEDLE_MIEJ,Niski,TAK,0,NIE,TAK,NIE,TAK,NIE
488,0-34,M,WIES,Niski,TAK,1,NIE,NIE,TAK,NIE,TAK
489,0-34,K,OSIEDLE_MIEJ,Niski,TAK,3,NIE,TAK,NIE,NIE,NIE
490,0-34,M,CENTRUM_MIASTA,Niski,TAK,2,NIE,TAK,NIE,NIE,TAK
491,51-100,K,CENTRUM_MIASTA,Sredni,TAK,1,TAK,TAK,NIE,TAK,TAK
492,35-50,K,OSIEDLE_MIEJ,Niski,NIE,1,TAK,TAK,TAK,NIE,TAK
493,51-100,K,OSIEDLE_MIEJ,Sredni,TAK,0,TAK,TAK,NIE,TAK,TAK
494,51-100,M,CENTRUM_MIASTA,Sredni,NIE,0,NIE,TAK,TAK,NIE,TAK
495,35-50,K,WIES,Sredni,TAK,3,NIE,TAK,TAK,NIE,NIE
496,35-50,M,CENTRUM_MIASTA,Sredni,TAK,0,NIE,NIE,NIE,TAK,TAK
497,35-50,M,OSIEDLE_MIEJ,Sredni,NIE,2,TAK,TAK,TAK,TAK,TAK
498,51-100,M,CENTRUM_MIASTA,Wysoki,NIE,0,NIE,TAK,TAK,NIE,TAK
499,51-100,K,OSIEDLE_MIEJ,Wysoki,NIE,0,NIE,TAK,TAK,TAK,NIE
500,35-50,K,OSIEDLE_MIEJ,Niski,TAK,0,TAK,NIE,TAK,NIE,TAK
501,35-50,K,CENTRUM_MIASTA,Sredni,TAK,3,TAK,TAK,NIE,NIE,NIE
502,51-100,K,CENTRUM_MIASTA,Sredni,NIE,1,TAK,NIE,TAK,NIE,TAK
503,0-34,K,OSIEDLE_MIEJ,Sredni,TAK,0,TAK,NIE,NIE,NIE,NIE
504,0-34,K,CENTRUM_MIASTA,Niski,NIE,0,TAK,TAK,TAK,TAK,NIE
505,51-100,K,CENTRUM_MIASTA,Wysoki,TAK,1,TAK,TAK,TAK,NIE,TAK
506,35-50,K,OSIEDLE_MIEJ,Sredni,TAK,0,TAK,TAK,TAK,NIE,NIE
507,51-100,K,CENTRUM_MIASTA,Niski,TAK,0,NIE,NIE,NIE,TAK,TAK
508,0-34,K,PODMIEJSKI,Niski,NIE,0,TAK,TAK,TAK,NIE,TAK
509,51-100,M,PODMIEJSKI,Wysoki,NIE,2,NIE,TAK,TAK,TAK,TAK
510,0-34,K,WIES,Niski,TAK,2,TAK,TAK,TAK,NIE,TAK
511,0-34,K,OSIEDLE_MIEJ,Niski,TAK,0,NIE,TAK,NIE,NIE,NIE
512,35-50,M,CENTRUM_MIASTA,Niski,TAK,3,NIE,TAK,TAK,NIE,NIE
513,51-100,K,OSIEDLE_MIEJ,Wysoki,TAK,0,TAK,TAK,TAK,TAK,NIE
514,0-34,K,WIES,Niski,NIE,3,NIE,TAK,TAK,NIE,NIE
515,35-50,M,CENTRUM_MIASTA,Sredni,NIE,0,TAK,TAK,NIE,NIE,TAK
516,35-50,K,CENTRUM_MIASTA,Niski,TAK,1,NIE,TAK,TAK,NIE,TAK
517,35-50,K,OSIEDLE_MIEJ,Niski,NIE,0,NIE,TAK,NIE,NIE,TAK
518,51-100,M,OSIEDLE_MIEJ,Sredni,TAK,1,NIE,TAK,NIE,TAK,TAK
519,0-34,K,OSIEDLE_MIEJ,Niski,NIE,3,NIE,NIE,TAK,NIE,NIE
520,51-100,K,CENTRUM_MIASTA,Sredni,TAK,3,TAK,TAK,TAK,TAK,NIE
521,35-50,K,CENTRUM_MIASTA,Niski,TAK,2,TAK,NIE,TAK,NIE,TAK
522,35-50,K,OSIEDLE_MIEJ,Niski,TAK,2,TAK,TAK,TAK,NIE,NIE
523,0-34,M,PODMIEJSKI,Niski,NIE,3,NIE,TAK,TAK,TAK,NIE
524,0-34,K,OSIEDLE_MIEJ,Niski,TAK,0,TAK,TAK,NIE,TAK,NIE
525,35-50,M,PODMIEJSKI,Niski,TAK,0,TAK,TAK,TAK,TAK,TAK
526,35-50,K,CENTRUM_MIASTA,Niski,TAK,1,NIE,NIE,TAK,NIE,TAK
527,0-34,M,CENTRUM_MIASTA,Niski,NIE,2,NIE,TAK,NIE,TAK,NIE
528,0-34,K,OSIEDLE_MIEJ,Niski,NIE,1,NIE,TAK,TAK,TAK,NIE
529,0-34,K,CENTRUM_MIASTA,Sredni,TAK,2,NIE,NIE,TAK,NIE,NIE
530,51-100,M,WIES,Sredni,TAK,1,TAK,TAK,TAK,NIE,NIE
531,51-100,M,PODMIEJSKI,Wysoki,TAK,1,NIE,TAK,TAK,NIE,TAK
532,35-50,K,CENTRUM_MIASTA,Sredni,NIE,1,TAK,NIE,NIE,NIE,TAK
533,51-100,M,CENTRUM_MIASTA,Sredni,NIE,1,NIE,TAK,TAK,NIE,TAK
534,51-100,M,CENTRUM_MIASTA,Sredni,TAK,0,TAK,NIE,TAK,TAK,TAK
535,0-34,K,OSIEDLE_MIEJ,Niski,NIE,1,TAK,TAK,TAK,TAK,NIE
536,0-34,M,CENTRUM_MIASTA,Niski,TAK,0,NIE,NIE,TAK,NIE,NIE
537,51-100,K,CENTRUM_MIASTA,Sredni,NIE,1,NIE,TAK,TAK,NIE,TAK
538,51-100,K,WIES,Wysoki,NIE,2,NIE,TAK,TAK,NIE,TAK
539,35-50,K,CENTRUM_MIASTA,Sredni,TAK,0,NIE,TAK,TAK,NIE,NIE
540,0-34,M,CENTRUM_MIASTA,Niski,TAK,0,NIE,TAK,TAK,TAK,TAK
541,35-50,K,CENTRUM_MIASTA,Niski,TAK,1,TAK,TAK,NIE,TAK,TAK
542,35-50,M,WIES,Sredni,TAK,2,NIE,TAK,TAK,NIE,TAK
543,0-34,M,CENTRUM_MIASTA,Niski,TAK,2,TAK,TAK,TAK,NIE,NIE
544,51-100,M,PODMIEJSKI,Wysoki,TAK,1,TAK,TAK,NIE,TAK,TAK
545,35-50,M,WIES,Niski,TAK,1,TAK,TAK,TAK,NIE,TAK
546,35-50,M,CENTRUM_MIASTA,Sredni,NIE,0,NIE,NIE,TAK,TAK,TAK
547,0-34,K,CENTRUM_MIASTA,Niski,NIE,0,TAK,NIE,NIE,TAK,TAK
548,0-34,M,PODMIEJSKI,Niski,TAK,2,TAK,TAK,TAK,NIE,NIE
549,35-50,M,WIES,Niski,TAK,1,TAK,TAK,TAK,NIE,TAK
550,51-100,K,OSIEDLE_MIEJ,Wysoki,TAK,1,TAK,TAK,TAK,TAK,TAK
551,0-34,K,CENTRUM_MIASTA,Niski,TAK,1,TAK,NIE,TAK,NIE,NIE
552,51-100,M,PODMIEJSKI,Sredni,TAK,3,NIE,NIE,NIE,NIE,NIE
553,35-50,M,CENTRUM_MIASTA,Sredni,TAK,2,TAK,TAK,TAK,NIE,NIE
554,35-50,K,PODMIEJSKI,Sredni,TAK,0,TAK,NIE,NIE,TAK,NIE
555,51-100,K,CENTRUM_MIASTA,Sredni,TAK,3,TAK,TAK,TAK,NIE,NIE
556,0-34,K,OSIEDLE_MIEJ,Niski,TAK,2,TAK,TAK,TAK,NIE,NIE
557,35-50,K,WIES,Niski,TAK,1,TAK,TAK,TAK,TAK,TAK
558,35-50,M,WIES,Sredni,TAK,0,NIE,NIE,TAK,NIE,NIE
559,35-50,K,PODMIEJSKI,Sredni,TAK,0,NIE,TAK,TAK,NIE,NIE
560,51-100,K,PODMIEJSKI,Sredni,TAK,0,NIE,NIE,TAK,TAK,TAK
561,35-50,M,CENTRUM_MIASTA,Niski,NIE,1,NIE,TAK,TAK,NIE,TAK
562,0-34,K,PODMIEJSKI,Niski,NIE,0,NIE,NIE,TAK,TAK,TAK
563,51-100,K,WIES,Wysoki,TAK,0,NIE,TAK,TAK,NIE,NIE
564,0-34,K,CENTRUM_MIASTA,Niski,NIE,1,NIE,NIE,TAK,TAK,TAK
565,35-50,M,PODMIEJSKI,Niski,TAK,0,TAK,NIE,TAK,TAK,TAK
566,0-34,M,OSIEDLE_MIEJ,Sredni,TAK,0,TAK,TAK,NIE,NIE,NIE
567,35-50,M,OSIEDLE_MIEJ,Niski,TAK,0,NIE,NIE,TAK,TAK,NIE
568,0-34,K,CENTRUM_MIASTA,Niski,TAK,2,TAK,TAK,TAK,NIE,NIE
569,35-50,K,OSIEDLE_MIEJ,Sredni,TAK,0,TAK,TAK,TAK,NIE,NIE
570,35-50,M,CENTRUM_MIASTA,Niski,NIE,1,TAK,TAK,TAK,TAK,TAK
571,35-50,K,WIES,Sredni,NIE,3,TAK,NIE,TAK,NIE,NIE
572,35-50,M,CENTRUM_MIASTA,Sredni,TAK,0,NIE,NIE,NIE,NIE,NIE
573,0-34,K,PODMIEJSKI,Sredni,NIE,2,NIE,TAK,TAK,NIE,TAK
574,35-50,M,OSIEDLE_MIEJ,Niski,TAK,2,TAK,TAK,TAK,NIE,NIE
575,35-50,K,CENTRUM_MIASTA,Sredni,TAK,0,TAK,TAK,TAK,NIE,NIE
576,35-50,M,OSIEDLE_MIEJ,Sredni,TAK,0,NIE,TAK,TAK,TAK,NIE
577,0-34,K,OSIEDLE_MIEJ,Niski,TAK,1,TAK,TAK,TAK,NIE,TAK
578,51-100,M,OSIEDLE_MIEJ,Wysoki,TAK,0,TAK,TAK,NIE,NIE,TAK
579,0-34,M,CENTRUM_MIASTA,Niski,NIE,0,NIE,TAK,TAK,TAK,NIE
580,35-50,K,OSIEDLE_MIEJ,Sredni,TAK,0,TAK,NIE,NIE,NIE,NIE
581,51-100,M,PODMIEJSKI,Wysoki,TAK,2,TAK,TAK,NIE,TAK,TAK
582,0-34,M,OSIEDLE_MIEJ,Niski,TAK,2,TAK,NIE,TAK,TAK,NIE
583,35-50,K,OSIEDLE_MIEJ,Niski,NIE,3,NIE,TAK,NIE,NIE,NIE
584,35-50,K,WIES,Sredni,NIE,2,TAK,TAK,TAK,NIE,NIE
585,0-34,M,OSIEDLE_MIEJ,Niski,TAK,1,NIE,TAK,TAK,TAK,TAK
586,0-34,M,OSIEDLE_MIEJ,Niski,NIE,3,TAK,TAK,TAK,NIE,NIE
587,0-34,M,CENTRUM_MIASTA,Niski,TAK,1,NIE,NIE,TAK,NIE,TAK
588,35-50,K,OSIEDLE_MIEJ,Sredni,NIE,1,TAK,TAK,NIE,NIE,TAK
589,51-100,M,WIES,Wysoki,TAK,0,NIE,TAK,TAK,NIE,NIE
590,0-34,M,PODMIEJSKI,Niski,TAK,1,TAK,TAK,TAK,NIE,NIE
591,0-34,M,CENTRUM_MIASTA,Niski,TAK,0,NIE,NIE,NIE,NIE,NIE
592,35-50,K,CENTRUM_MIASTA,Sredni,NIE,2,NIE,TAK,TAK,TAK,TAK
593,35-50,M,OSIEDLE_MIEJ,Niski,TAK,0,NIE,TAK,TAK,NIE,NIE
594,51-100,M,PODMIEJSKI,Wysoki,TAK,2,NIE,TAK,TAK,NIE,TAK
595,51-100,K,WIES,Sredni,TAK,3,TAK,TAK,TAK,TAK,NIE
596,51-100,K,CENTRUM_MIASTA,Wysoki,NIE,2,TAK,TAK,TAK,TAK,NIE
597,0-34,K,CENTRUM_MIASTA,Niski,TAK,0,TAK,TAK,TAK,NIE,NIE
598,0-34,K,OSIEDLE_MIEJ,Niski,TAK,0,TAK,TAK,NIE,NIE,TAK
599,0-34,M,CENTRUM_MIASTA,Niski,TAK,0,NIE,TAK,NIE,TAK,NIE
600,35-50,M,OSIEDLE_MIEJ,Sredni,NIE,0,TAK,NIE,TAK,TAK,TAK
